id,first_name,last_name,email,gender,ip_address,destination,from,to
1,Corabella,Rops,crops0@nifty.com,Female,200.101.60.90,30.28.219.152,7125893364,1073961443
2,Ogden,Provest,oprovest1@symantec.com,Male,216.22.106.146,2.242.196.210,3084792599,5988774347
3,Janet,Weatherburn,jweatherburn2@parallels.com,Female,76.107.3.234,20.48.87.6,1491519014,7817560975
4,Oran,Berkely,oberkely3@mashable.com,Male,96.44.252.253,255.205.4.108,6628994023,5055338976
5,Moshe,Benzing,mbenzing4@ning.com,Male,82.89.90.27,133.202.154.108,5593947598,4658838118
6,Terrel,Greber,tgreber5@cocolog-nifty.com,Male,161.190.216.82,77.192.19.107,5279048175,9024577984
7,Gennifer,Andover,gandover6@networkadvertising.org,Female,235.26.187.161,241.11.110.155,1709057116,8904020007
8,Maureen,Golland,mgolland7@indiegogo.com,Female,182.21.64.199,210.121.146.99,2197330758,5746453470
9,Roarke,Dri,rdri8@wufoo.com,Male,134.112.3.203,147.139.126.112,2435111345,4481409979
10,Archibald,Wheatman,awheatman9@imageshack.us,Male,87.218.56.99,151.187.55.79,3319178862,5121322205
11,Maurie,Brabender,mbrabendera@pagesperso-orange.fr,Male,43.240.78.64,124.78.246.51,8691569022,2657704283
12,Abby,Featherbie,afeatherbieb@paginegialle.it,Male,180.130.109.159,48.242.26.136,2914769877,8245311816
13,Klemens,Pink,kpinkc@un.org,Male,185.199.4.16,30.59.148.117,1342134744,2674985596
14,Karine,Henrych,khenrychd@cnet.com,Female,61.39.33.156,152.65.63.166,4449263232,4286601812
15,Gare,Pont,gponte@mayoclinic.com,Male,114.57.155.114,132.164.73.242,6512255318,3145121494
16,Denney,Cuniam,dcuniamf@nps.gov,Male,45.247.74.12,167.203.149.0,7302195375,7652734643
17,Junina,Denziloe,jdenziloeg@who.int,Female,107.159.218.124,214.168.177.196,1647247935,4223712158
18,Oralle,Melsom,omelsomh@diigo.com,Female,78.122.185.244,175.64.112.195,4833475222,6451514038
19,Sharleen,Gilmour,sgilmouri@businessinsider.com,Female,129.48.106.171,139.176.74.67,9573814783,8888683196
20,Lexy,Spurden,lspurdenj@typepad.com,Female,103.63.170.159,172.135.125.63,9826852140,1324395212
21,Kelila,Stacy,kstacyk@cnbc.com,Female,125.228.185.95,228.2.125.83,3017050860,9452332416
22,Montague,Stockoe,mstockoel@businessweek.com,Male,102.138.240.0,216.213.165.75,9177982017,3727560117
23,Lela,Gandy,lgandym@upenn.edu,Female,139.245.12.167,97.237.161.152,6747459747,7832852177
24,Carly,Arnefield,carnefieldn@google.es,Male,152.125.51.34,134.142.11.221,1106461549,6204345611
25,Derwin,Adderley,dadderleyo@soundcloud.com,Male,192.86.169.124,139.12.95.206,3835337996,9638756974
26,Fianna,Birchenhead,fbirchenheadp@blog.com,Female,55.70.27.208,19.213.178.4,9299711182,6408077594
27,Thorin,Duligal,tduligalq@blogger.com,Male,55.23.209.13,70.187.23.196,5357387709,2659570297
28,Nerita,McCoughan,nmccoughanr@opera.com,Female,228.241.9.108,207.249.59.173,7343290015,8172784722
29,Krista,Quye,kquyes@utexas.edu,Female,157.23.48.88,231.218.220.37,8476739933,9325339753
30,Corrine,Rowson,crowsont@webmd.com,Female,22.12.9.47,21.203.46.11,5472417051,5544469468
31,Marietta,Dominick,mdominicku@newyorker.com,Female,46.119.231.253,3.240.56.248,9532424918,7396671725
32,Clemens,Dyhouse,cdyhousev@godaddy.com,Male,112.110.6.23,246.118.248.118,4663395321,4789998990
33,Robinson,Bernardinelli,rbernardinelliw@disqus.com,Male,28.36.238.237,180.253.179.173,5403780828,8932979485
34,Janina,Macconaghy,jmacconaghyx@photobucket.com,Female,86.6.240.207,9.39.192.54,9208884141,3861706914
35,Rafaelita,Scarrott,rscarrotty@1und1.de,Female,63.226.143.92,131.87.7.203,6821726494,1891589154
36,Galvan,Kitcher,gkitcherz@umich.edu,Male,192.102.105.48,127.196.37.218,3612237650,2616928820
37,Cornell,Conford,cconford10@sohu.com,Male,206.215.89.234,132.68.80.25,2918397873,3707822115
38,Tommy,Cicchinelli,tcicchinelli11@so-net.ne.jp,Male,60.42.84.168,22.161.8.77,7069785196,6521674002
39,Davita,Laurenson,dlaurenson12@independent.co.uk,Female,69.172.137.181,45.234.112.96,3345213911,2804096434
40,Avictor,Flewin,aflewin13@reddit.com,Male,173.0.178.129,103.53.177.195,9473628859,1711565382
41,Terrance,Flacke,tflacke14@blogs.com,Male,79.107.226.92,227.204.249.239,2629031131,9465303102
42,Artair,Haining,ahaining15@instagram.com,Male,32.102.227.100,21.208.109.107,2943680045,8945692284
43,Gerri,O'Deoran,godeoran16@goo.gl,Male,171.92.6.120,172.72.7.239,8156711781,6232872180
44,Tamas,Havers,thavers17@vk.com,Male,146.148.53.106,26.219.129.60,1467735933,6648740646
45,Guthrey,Delafont,gdelafont18@de.vu,Male,62.59.163.250,119.26.224.139,2341006234,3902626471
46,Viki,Jefferies,vjefferies19@state.gov,Female,145.71.102.202,155.224.98.29,5991042462,9675916964
47,Laurent,Gorringe,lgorringe1a@state.tx.us,Male,141.136.115.118,125.127.250.38,9858434557,4211540284
48,Wilt,Deaves,wdeaves1b@hubpages.com,Male,251.254.214.25,36.200.173.220,5267491144,8588211264
49,Carl,Lavelle,clavelle1c@nasa.gov,Male,224.140.255.114,95.94.5.117,6189570007,4883308702
50,Quill,Considine,qconsidine1d@nbcnews.com,Male,191.104.19.220,50.123.194.12,5256063315,8365872246
51,Judah,Paulusch,jpaulusch1e@tamu.edu,Male,149.249.2.46,97.50.242.83,2841739786,2672487798
52,Tommie,Goodisson,tgoodisson1f@sfgate.com,Male,70.224.148.233,92.196.18.123,2752021124,7178677827
53,Jaquelyn,Kinmond,jkinmond1g@salon.com,Female,149.248.84.174,146.224.67.228,9849324957,6173869112
54,Heath,Drage,hdrage1h@bluehost.com,Male,185.151.31.234,216.37.17.157,3343773687,5359630256
55,Chrissy,Guye,cguye1i@google.com.au,Female,117.45.151.81,6.203.162.238,1934071548,6826817578
56,Lainey,Yelding,lyelding1j@ustream.tv,Female,137.30.78.186,233.69.112.171,3726531814,7919858387
57,Langston,Gilphillan,lgilphillan1k@redcross.org,Male,125.174.171.123,127.125.193.59,4613119873,6886760734
58,Lu,Vere,lvere1l@photobucket.com,Female,120.18.196.20,240.125.115.111,6514538341,5991945027
59,Barbara,Harrow,bharrow1m@netscape.com,Female,37.133.84.81,134.87.169.13,2179639339,3738018575
60,Egon,Knightsbridge,eknightsbridge1n@phpbb.com,Polygender,142.120.107.191,192.80.58.28,6041806468,5542490627
61,Roseann,Emmens,remmens1o@squarespace.com,Female,229.1.160.57,145.161.96.109,5153215315,3041335456
62,Aloysia,Lowthorpe,alowthorpe1p@google.ca,Female,243.43.245.41,89.205.68.156,2055684731,4565301879
63,Mattie,Meates,mmeates1q@washington.edu,Non-binary,165.40.12.64,140.103.84.219,3115966995,2956741182
64,Patrizio,Farthing,pfarthing1r@wufoo.com,Male,86.188.249.246,71.203.123.94,2899181052,5884808542
65,Nadya,Kubasiewicz,nkubasiewicz1s@yelp.com,Female,138.141.163.177,108.113.133.45,2571436461,8785104546
66,Kynthia,Bretherton,kbretherton1t@yellowpages.com,Female,44.122.250.143,183.61.10.67,5478684652,9825623771
67,Raynard,Sirrell,rsirrell1u@upenn.edu,Polygender,80.230.20.112,145.58.250.204,1632933733,5036932003
68,Raquel,Walch,rwalch1v@wordpress.org,Female,249.177.22.193,176.166.59.70,2315040576,3393140153
69,Ethyl,Episcopio,eepiscopio1w@slashdot.org,Female,95.84.74.54,169.18.116.97,3176611344,8987508765
70,Rawley,McMillan,rmcmillan1x@sbwire.com,Male,73.190.194.186,13.73.142.25,4765402476,4767648519
71,Baldwin,Grayston,bgrayston1y@sciencedaily.com,Male,235.157.18.176,178.43.30.211,4476914638,8857372567
72,Bing,Sivier,bsivier1z@imgur.com,Male,3.80.169.123,175.61.14.49,8576573385,2923257360
73,Opal,Hansana,ohansana20@marriott.com,Female,192.227.198.51,229.236.112.42,3258915082,7554259606
74,Ettie,Faich,efaich21@mail.ru,Female,59.208.22.127,81.85.207.111,7851365427,2007047106
75,Serene,Keable,skeable22@umn.edu,Female,207.254.141.203,129.234.87.49,3404984642,6467153996
76,Sibelle,Cesconi,scesconi23@tamu.edu,Female,68.192.132.190,16.206.194.203,8201216814,4596716836
77,Kile,Pitblado,kpitblado24@nhs.uk,Male,232.245.148.211,213.12.190.184,1286866153,9839672424
78,Mill,Fedder,mfedder25@weibo.com,Male,64.48.115.117,208.76.148.251,2243325881,9703125306
79,Harrie,Humberston,hhumberston26@china.com.cn,Female,15.82.34.78,199.208.9.39,2314046858,5595950400
80,Zara,Maskrey,zmaskrey27@jiathis.com,Female,169.60.146.232,34.164.201.67,2253692356,2239127566
81,Barbi,Libbie,blibbie28@vinaora.com,Female,250.169.204.37,57.233.149.69,6011969484,7329329834
82,Nertie,Berriball,nberriball29@army.mil,Female,22.138.228.185,250.42.228.157,2503160828,9601371163
83,Allsun,McGinn,amcginn2a@answers.com,Female,55.86.6.243,190.25.46.101,9443665840,4193910354
84,Dud,Moodey,dmoodey2b@chronoengine.com,Male,190.230.58.64,49.26.83.201,7253734461,2688056141
85,Sibella,Farncombe,sfarncombe2c@aol.com,Female,244.215.252.41,120.140.11.213,2759836293,4199900083
86,Gretta,Jickles,gjickles2d@nationalgeographic.com,Female,78.118.132.242,152.237.95.70,9343623659,8574868190
87,Nicky,MacDuff,nmacduff2e@uol.com.br,Male,181.111.216.33,125.53.197.184,5825748323,6168295174
88,Ellie,Minto,eminto2f@zdnet.com,Female,213.27.103.225,16.121.225.185,8805891068,1942010524
89,Loy,Vinnick,lvinnick2g@prlog.org,Male,144.42.194.112,25.104.98.66,1432721802,2943016207
90,Jeff,Stimson,jstimson2h@trellian.com,Male,54.232.150.113,240.221.237.73,2272802153,5049502241
91,Dylan,Lewer,dlewer2i@creativecommons.org,Male,118.255.90.158,209.20.226.249,1824198441,8509246919
92,Lira,Bontine,lbontine2j@e-recht24.de,Polygender,74.232.107.201,92.118.243.242,7644481440,4267675082
93,Antin,Asmus,aasmus2k@reuters.com,Male,114.108.44.207,169.87.104.248,1106453335,9604655433
94,Harmon,Stickney,hstickney2l@flickr.com,Male,98.250.44.253,98.139.205.44,7539172072,5342373851
95,Erek,Yude,eyude2m@hostgator.com,Male,48.78.137.163,214.46.217.143,2339012350,2942027595
96,Teodoro,Bovis,tbovis2n@patch.com,Male,135.249.203.152,213.29.17.202,1299918518,6412479374
97,Frasco,Iannelli,fiannelli2o@webs.com,Male,194.223.121.202,144.187.149.102,3544202855,3901552704
98,Dayna,Conkay,dconkay2p@hao123.com,Female,74.196.20.34,66.117.64.211,7078834803,6083040496
99,Cathrine,Wainwright,cwainwright2q@noaa.gov,Female,252.154.191.95,155.35.205.207,9316357855,2518224620
100,Vale,Jonczyk,vjonczyk2r@timesonline.co.uk,Male,231.37.12.48,214.188.104.117,4951286712,3025054526
101,Shir,Roebuck,sroebuck2s@sciencedaily.com,Female,195.44.83.107,17.237.140.146,4959092570,7891270292
102,Donall,Fusco,dfusco2t@accuweather.com,Male,236.205.73.213,0.166.94.61,6359435218,9603422124
103,Marinna,Stripling,mstripling2u@lulu.com,Female,111.69.120.156,168.32.176.80,4467233649,4391818578
104,Maribelle,Stuchbury,mstuchbury2v@digg.com,Genderqueer,200.201.121.47,115.146.203.181,3322024241,8316454229
105,Audrye,Creavan,acreavan2w@time.com,Genderfluid,181.203.127.229,155.95.214.63,5986991159,6641880049
106,Morris,Brunnstein,mbrunnstein2x@odnoklassniki.ru,Male,170.188.97.10,56.69.163.234,3148098876,8704408570
107,Otho,Grishunin,ogrishunin2y@webeden.co.uk,Male,149.55.157.249,138.175.107.61,8928388264,7986273923
108,Alexander,Trobridge,atrobridge2z@tripod.com,Male,53.14.55.69,97.19.53.129,2693729987,6673304678
109,Alvie,Heggman,aheggman30@jiathis.com,Male,7.211.62.62,186.15.186.131,8735993196,1456360656
110,Adiana,Catlin,acatlin31@usnews.com,Agender,251.190.223.243,80.90.128.79,2952817686,5516618969
111,Georgie,Pedrick,gpedrick32@e-recht24.de,Genderfluid,170.208.134.89,250.22.139.243,4523956773,9242935880
112,Callie,Barizeret,cbarizeret33@nih.gov,Female,155.212.34.42,184.99.209.87,5167877759,8428694830
113,Annadiana,Beceril,abeceril34@bigcartel.com,Female,154.176.102.235,1.201.177.250,4134093716,1936329500
114,Flossie,Greyes,fgreyes35@state.tx.us,Female,217.38.72.94,44.123.237.185,2024132965,5144728305
115,Brocky,Grenkov,bgrenkov36@hud.gov,Male,101.161.30.102,144.254.43.95,6897991266,8875355751
116,Taddeusz,Alan,talan37@ucla.edu,Polygender,253.223.87.19,186.133.29.183,2926113482,4869953939
117,Tessi,Cinderey,tcinderey38@shareasale.com,Bigender,153.30.139.44,211.125.99.224,6348805958,4671825551
118,Woodie,Oxlee,woxlee39@networkadvertising.org,Male,24.45.173.126,34.233.103.200,5488036130,8658808345
119,Alix,Joyner,ajoyner3a@github.com,Female,7.205.71.158,141.149.242.156,6283303451,5409275165
120,Napoleon,Wratten,nwratten3b@statcounter.com,Male,255.94.53.178,213.81.202.165,3368215959,4718644665
121,Virgie,Bernette,vbernette3c@histats.com,Female,113.156.63.136,242.186.36.86,5233332613,8927704674
122,Janot,Hunday,jhunday3d@t.co,Female,6.180.187.217,69.165.147.62,4498171073,1211676959
123,Pepe,Tootell,ptootell3e@skyrock.com,Male,223.247.12.27,40.109.42.113,9232704691,3187385371
124,Hilary,Ioselev,hioselev3f@si.edu,Female,19.36.48.64,143.56.240.50,4295007523,3232744464
125,Jase,Golds,jgolds3g@accuweather.com,Male,155.125.73.93,235.227.178.175,1714211120,5753767358
126,Micky,Kenzie,mkenzie3h@google.com.hk,Female,202.13.35.130,147.239.186.142,5292528613,1621715361
127,Dell,Mollene,dmollene3i@cdbaby.com,Female,83.206.67.38,254.146.140.88,8719645490,7952333469
128,Artur,Ayliffe,aayliffe3j@bigcartel.com,Male,164.35.137.235,217.222.69.44,8449299213,5445269647
129,Reeva,Blunn,rblunn3k@ameblo.jp,Female,71.10.215.211,148.177.213.75,7043753175,3778068063
130,Calvin,Kyngdon,ckyngdon3l@webs.com,Male,184.153.170.69,96.125.53.82,9854869947,8174956613
131,Avigdor,Rolph,arolph3m@bloglovin.com,Male,45.85.230.250,72.241.126.235,4966388229,8216737346
132,Andreas,Brame,abrame3n@constantcontact.com,Male,44.251.179.18,118.74.135.196,1897755046,2798532758
133,Jerald,Hackelton,jhackelton3o@hibu.com,Male,18.147.96.11,139.166.41.68,8913487341,9687378676
134,Christean,Sarjent,csarjent3p@rediff.com,Female,158.26.214.102,123.195.180.74,3658839400,7042766905
135,Martica,Millberg,mmillberg3q@google.co.jp,Female,176.139.191.130,206.161.107.37,3457258181,9382489453
136,Jaymee,Hamber,jhamber3r@163.com,Female,204.189.8.21,232.194.46.48,5649876465,2663793898
137,Frasier,Wiggins,fwiggins3s@trellian.com,Male,188.161.35.240,177.52.200.51,4947251875,1057685609
138,Lou,Trayte,ltrayte3t@netlog.com,Male,94.20.145.172,53.17.22.186,9426646935,6321148548
139,Milicent,Damrel,mdamrel3u@examiner.com,Female,160.96.44.238,247.174.128.60,1459539267,9079118507
140,Alexia,Quilty,aquilty3v@freewebs.com,Female,40.143.236.20,243.46.50.59,1755424613,2652011514
141,Pyotr,Candlish,pcandlish3w@bloglovin.com,Male,62.103.112.176,103.252.122.23,4121708280,2372232939
142,Pamelina,Jerisch,pjerisch3x@so-net.ne.jp,Female,20.47.77.170,115.79.33.47,7848086760,7736222620
143,Stacie,Bendig,sbendig3y@disqus.com,Female,209.64.241.250,72.199.153.57,9084946452,1971425984
144,Pace,Le Floch,plefloch3z@webs.com,Male,177.91.170.63,210.196.83.172,4348343097,7053207207
145,Piotr,Yong,pyong40@sciencedirect.com,Male,240.179.59.41,42.108.29.169,3519810563,2775906224
146,Reuven,Elsmere,relsmere41@patch.com,Male,163.39.200.198,104.239.151.32,6168352116,8045270587
147,Bartolemo,Matuszkiewicz,bmatuszkiewicz42@acquirethisname.com,Male,100.246.221.169,135.44.54.97,6184355774,8037522211
148,Blisse,Bubbings,bbubbings43@vinaora.com,Female,25.3.214.22,120.235.221.218,3454306490,6397919397
149,Clarinda,Beebee,cbeebee44@fda.gov,Female,227.10.124.215,70.0.159.24,6493498494,4791598162
150,Lucina,Wood,lwood45@hugedomains.com,Female,39.90.27.66,39.222.123.255,6278101395,1988636851
151,Leicester,Hatchette,lhatchette46@state.tx.us,Male,238.63.114.22,229.176.39.213,2028471147,5308794013
152,Domingo,Wynes,dwynes47@auda.org.au,Male,178.171.127.141,106.105.172.25,4584943294,7187478065
153,Shayne,Lampen,slampen48@redcross.org,Female,140.70.83.1,190.0.180.105,9325447140,5185244149
154,Maryellen,Fyldes,mfyldes49@deviantart.com,Female,16.234.208.37,244.37.151.52,4856892979,5217183826
155,Maurits,Tinkler,mtinkler4a@accuweather.com,Male,117.241.43.206,151.128.240.214,1364699149,2385471474
156,Marguerite,Phalip,mphalip4b@buzzfeed.com,Female,172.37.208.172,42.53.210.108,4963561618,2244420266
157,Johnath,McHale,jmchale4c@studiopress.com,Female,145.56.145.129,36.99.48.7,7714922217,1413990205
158,Hersh,Piatti,hpiatti4d@kickstarter.com,Male,88.242.48.21,22.226.199.243,9925415067,1116522573
159,Faber,Quidenham,fquidenham4e@un.org,Male,122.3.250.237,109.71.176.96,9409458487,1322136222
160,Pauly,Goodliff,pgoodliff4f@xing.com,Female,134.232.175.47,175.76.64.85,8817997881,8309363905
161,Euell,McGruar,emcgruar4g@google.ru,Male,202.230.134.244,177.104.4.107,9546149462,4069127375
162,Dottie,Cremer,dcremer4h@aol.com,Female,189.240.197.9,235.234.236.166,6133050357,8615402365
163,Claiborn,Lujan,clujan4i@abc.net.au,Male,25.221.81.47,109.122.228.71,2977481591,5552629142
164,Zaneta,Izzatt,zizzatt4j@chron.com,Female,111.160.194.75,147.209.103.95,1791365225,8427196952
165,Maryl,Kulvear,mkulvear4k@dedecms.com,Female,231.129.135.220,246.55.248.81,5782020433,2602086601
166,Bren,Greenly,bgreenly4l@cargocollective.com,Polygender,118.138.0.209,177.13.81.139,4047148002,2693521116
167,Wright,Riatt,wriatt4m@indiegogo.com,Male,164.10.14.84,15.125.61.6,3669499989,7156424904
168,Ladonna,McLelland,lmclelland4n@squarespace.com,Genderqueer,45.86.37.224,62.235.253.207,2632486148,5789049372
169,Bret,Mariel,bmariel4o@usnews.com,Male,244.74.238.95,71.246.14.61,9776032002,7988771478
170,Earlie,Pawelczyk,epawelczyk4p@berkeley.edu,Male,33.69.129.115,7.73.53.11,9877208587,8794596492
171,Leonhard,Kaasmann,lkaasmann4q@squarespace.com,Male,21.240.188.52,125.210.99.161,2103800779,1291495341
172,Alvy,Tunnow,atunnow4r@cargocollective.com,Bigender,73.130.214.242,24.102.89.5,5979777567,2732451849
173,Mavis,Gilbard,mgilbard4s@hatena.ne.jp,Female,34.202.138.186,132.166.14.111,3129562842,1328916984
174,Shae,Colten,scolten4t@noaa.gov,Male,16.152.226.153,2.169.70.86,4955173706,6873259162
175,Zulema,Sircombe,zsircombe4u@canalblog.com,Female,37.154.130.225,210.177.170.74,7008492921,5401033362
176,Hermy,Pudsey,hpudsey4v@cdc.gov,Male,91.52.124.131,38.72.95.238,4775079200,6894207868
177,Tynan,Heber,theber4w@techcrunch.com,Male,176.231.159.39,93.94.60.50,3266573616,2622071929
178,Vassily,Sawfoot,vsawfoot4x@github.io,Male,165.248.253.240,225.53.224.99,3709800463,7722166849
179,Catlin,Oakenfall,coakenfall4y@soup.io,Female,138.171.196.255,77.153.226.229,6647283414,5641421632
180,Renaud,Fishbourne,rfishbourne4z@china.com.cn,Male,96.166.112.191,237.38.253.166,3249445205,3473583792
181,Merrili,Axleby,maxleby50@123-reg.co.uk,Female,81.181.17.24,88.78.70.161,8483034801,1343532839
182,Kalli,McRannell,kmcrannell51@wufoo.com,Female,61.24.174.62,202.160.175.121,2172051940,6286498416
183,Johan,Tiffin,jtiffin52@msu.edu,Male,18.141.82.58,155.5.179.14,3052429392,8921513979
184,Monti,Dowbakin,mdowbakin53@vinaora.com,Male,194.58.108.86,92.194.203.215,1594602409,3903949350
185,Erv,McAlpin,emcalpin54@telegraph.co.uk,Male,245.169.169.161,132.220.121.200,9922365789,7855632463
186,Mirabelle,Truder,mtruder55@mayoclinic.com,Female,175.160.11.87,86.194.70.51,8339328082,3151414458
187,Rozele,Kernell,rkernell56@dell.com,Female,90.65.105.241,253.207.155.155,1244535928,9747468734
188,Harland,Scardifield,hscardifield57@about.me,Male,220.73.105.197,193.36.252.229,5009215068,3366704016
189,Fionna,Collishaw,fcollishaw58@creativecommons.org,Female,244.145.22.91,19.110.214.91,6192733474,5955294078
190,Carola,Fargher,cfargher59@yellowpages.com,Female,190.43.141.234,172.170.250.21,8439547072,6875991878
191,Luci,Cathery,lcathery5a@gov.uk,Female,198.80.145.92,52.214.43.162,4678162043,1068090717
192,Erskine,Kindell,ekindell5b@nhs.uk,Male,103.195.208.58,229.86.251.25,6036775415,4383475030
193,Federico,Lamberth,flamberth5c@a8.net,Male,84.106.89.43,245.26.231.69,3614112525,6068288080
194,Wally,Parkinson,wparkinson5d@wordpress.org,Genderqueer,244.223.231.67,28.96.228.115,7588892232,9962249784
195,Gerty,Winsor,gwinsor5e@eepurl.com,Female,243.160.228.56,52.249.127.57,5053632409,2198427641
196,Woodie,Boon,wboon5f@123-reg.co.uk,Male,159.179.250.48,152.223.255.97,5405955643,4527213925
197,Rebekkah,McCumesky,rmccumesky5g@ft.com,Female,8.126.6.100,37.46.209.201,2473074160,6772820582
198,Samara,Tassell,stassell5h@privacy.gov.au,Female,15.150.76.169,89.21.124.193,3092896789,1727793890
199,Jamill,Oakwell,joakwell5i@dyndns.org,Male,165.232.127.193,216.114.166.218,9053220277,6829615813
200,Alyce,Casillas,acasillas5j@cnet.com,Female,15.234.214.125,57.53.249.20,2677468923,5595659513
201,Neill,Mandrier,nmandrier5k@vinaora.com,Male,174.67.250.57,193.143.130.59,5176534221,3903622758
202,Kay,Garnett,kgarnett5l@sitemeter.com,Female,127.100.3.116,116.148.159.42,4041211542,7428216133
203,Marilyn,Kays,mkays5m@prweb.com,Female,104.97.90.168,225.201.218.20,8693293642,4664745286
204,Shaylynn,Bramstom,sbramstom5n@tiny.cc,Female,102.61.47.71,12.106.32.180,4444930237,7308961752
205,Pieter,Daine,pdaine5o@ucla.edu,Male,235.12.149.147,6.248.92.167,2186895146,3336033552
206,Tadeas,Traise,ttraise5p@princeton.edu,Male,222.75.62.207,32.236.96.232,7405905979,7985832601
207,Cullen,Djakovic,cdjakovic5q@ezinearticles.com,Male,54.177.133.101,175.249.95.9,6281728244,2963480308
208,Garnette,Saer,gsaer5r@a8.net,Female,99.15.206.161,50.5.73.224,3417721978,4484068313
209,Berrie,Gravey,bgravey5s@unesco.org,Female,242.123.76.118,115.195.201.222,8758351564,6644479241
210,Bronny,Darte,bdarte5t@technorati.com,Male,199.223.54.203,186.209.149.45,7064655535,7376318964
211,Susann,Munehay,smunehay5u@360.cn,Female,95.157.11.142,95.186.3.54,2856691639,9479405635
212,Natty,Wasling,nwasling5v@washington.edu,Male,221.6.149.241,67.253.59.34,3641443741,5935370891
213,Obed,Gaskarth,ogaskarth5w@ted.com,Male,32.99.181.111,213.145.254.230,3241217963,4595136620
214,Tobias,Petyanin,tpetyanin5x@ameblo.jp,Male,100.181.160.135,166.106.81.244,6065116375,6377658106
215,Leone,Corcut,lcorcut5y@constantcontact.com,Female,4.103.62.197,153.170.131.97,7865829812,6433626931
216,Langston,Pressman,lpressman5z@wsj.com,Male,226.120.241.64,87.181.85.84,7261892053,8894067289
217,Aila,Wetter,awetter60@devhub.com,Female,208.179.137.119,133.138.123.8,9424946714,3546301635
218,Brodie,Hillhouse,bhillhouse61@google.es,Genderfluid,81.146.64.171,213.82.197.144,9177427254,8649958892
219,Murdock,Rossin,mrossin62@army.mil,Agender,139.114.166.158,85.103.114.77,4249712086,2838386695
220,Freda,Missen,fmissen63@devhub.com,Female,167.157.38.137,218.87.199.110,4512469809,4598538687
221,Carol,Whatsize,cwhatsize64@ow.ly,Female,108.195.192.2,78.21.15.106,5805847292,7528830291
222,Wilbur,Waud,wwaud65@mashable.com,Male,227.66.243.147,214.25.252.236,9146124288,4163451931
223,Andrew,Alfonso,aalfonso66@nhs.uk,Male,89.174.77.231,116.189.34.112,8145574894,1895981525
224,Halsey,Gadson,hgadson67@photobucket.com,Genderfluid,147.104.74.145,168.111.107.151,1584563318,2433538498
225,Marice,Wynes,mwynes68@addtoany.com,Female,54.142.133.202,148.77.66.102,5006480599,2769384645
226,Stanislas,Kynoch,skynoch69@adobe.com,Male,153.202.211.217,136.29.34.118,6553264040,7031280162
227,Barbara,Satchel,bsatchel6a@bizjournals.com,Female,127.125.33.193,176.205.70.7,5435910036,6649728851
228,Shantee,Manzell,smanzell6b@senate.gov,Female,108.179.247.161,13.75.139.156,1786747337,1265741574
229,Christel,Betteriss,cbetteriss6c@un.org,Polygender,143.74.101.177,14.217.132.211,2266868209,7849681731
230,Elicia,Fairey,efairey6d@surveymonkey.com,Female,64.241.168.89,113.130.144.117,8129219917,2256562980
231,Kenton,Laurens,klaurens6e@quantcast.com,Male,245.216.161.91,37.44.242.21,6435384270,6307493336
232,Cobbie,Flucker,cflucker6f@51.la,Agender,244.128.88.248,96.127.150.111,8683692114,3187708483
233,Maureene,Jenik,mjenik6g@yellowbook.com,Female,163.134.6.83,62.245.195.198,5968501473,2561494619
234,Howard,Pibworth,hpibworth6h@hostgator.com,Male,67.173.208.190,164.160.53.212,8033432347,1858259910
235,Vite,Digance,vdigance6i@indiegogo.com,Non-binary,198.1.192.134,96.128.201.238,6728920182,9016472406
236,Milty,Sifflett,msifflett6j@cbsnews.com,Male,100.196.185.83,161.223.186.146,7201251998,3633644304
237,Inga,Grewcock,igrewcock6k@shinystat.com,Female,208.26.152.202,69.240.83.121,8336577625,6173626802
238,Nancey,Fairburn,nfairburn6l@edublogs.org,Genderqueer,220.85.184.241,148.118.0.16,4194727437,4475633972
239,Alonso,Pariso,apariso6m@whitehouse.gov,Male,178.11.246.186,223.100.23.140,9433809119,6993097390
240,Norman,O'Looney,nolooney6n@blogtalkradio.com,Male,224.76.105.187,189.4.117.149,7591930746,2697490164
241,Dredi,Jakoviljevic,djakoviljevic6o@odnoklassniki.ru,Female,168.182.80.20,251.198.181.117,7692484173,6793061987
242,Adham,Lindwall,alindwall6p@patch.com,Male,197.43.114.244,227.77.90.222,7695054600,4781571262
243,Yorker,Beatty,ybeatty6q@lycos.com,Male,239.163.42.74,16.183.54.237,5722714820,9219516457
244,Friedrich,Medling,fmedling6r@etsy.com,Male,228.165.26.36,124.104.17.200,2217206753,2989053577
245,Maia,Esselen,messelen6s@jiathis.com,Female,37.35.50.225,244.25.217.56,7772518933,2992733439
246,Shepard,Bembrigg,sbembrigg6t@xrea.com,Male,143.101.233.41,3.83.201.47,8148321283,7441119960
247,Sharleen,Woodhead,swoodhead6u@apache.org,Female,215.247.238.231,201.143.45.43,2084616700,7635894639
248,Modestia,Insko,minsko6v@blogtalkradio.com,Female,248.69.52.247,243.94.98.209,4674527609,1604243766
249,Devonna,Foulds,dfoulds6w@sakura.ne.jp,Female,198.58.60.231,73.21.92.32,5844771801,4951060328
250,Lucienne,Banger,lbanger6x@newsvine.com,Female,75.125.66.85,83.176.135.57,8613377820,9463219052
251,Melody,Stuer,mstuer6y@cbsnews.com,Female,150.212.134.74,151.54.237.48,2628893513,8532968673
252,Montague,Gentner,mgentner6z@cyberchimps.com,Male,190.238.218.227,194.67.167.210,5412081329,6989534577
253,Gottfried,Connop,gconnop70@imageshack.us,Male,106.60.58.236,240.231.11.131,1356058740,2309664615
254,Farrell,Recher,frecher71@blogtalkradio.com,Male,233.92.201.48,210.191.219.69,9374484594,5255264172
255,Cornela,Pull,cpull72@miitbeian.gov.cn,Female,144.162.45.173,166.80.112.134,5204017377,7628728427
256,Korey,Franciotti,kfranciotti73@pcworld.com,Male,98.121.208.195,7.44.135.21,6402808615,6372382266
257,Chloris,Riolfo,criolfo74@gravatar.com,Female,169.59.162.51,51.129.54.87,3676357708,7178767042
258,Drake,Pedron,dpedron75@free.fr,Male,19.242.56.19,192.96.166.222,1277364930,9654064403
259,Terri-jo,Jemison,tjemison76@digg.com,Female,175.217.163.117,119.14.92.86,4129026813,3991089818
260,Joscelin,Howood,jhowood77@deviantart.com,Female,63.25.136.123,237.45.95.33,1141600554,5948134270
261,Richard,Knocker,rknocker78@wp.com,Male,237.212.42.192,219.227.12.225,9338139066,3899165514
262,Dorisa,Napoli,dnapoli79@posterous.com,Female,107.175.200.176,227.226.200.238,2689546403,1629745956
263,Dari,McGarrie,dmcgarrie7a@51.la,Female,228.96.128.186,217.216.120.183,7696711125,3886928521
264,Granthem,Kelk,gkelk7b@phoca.cz,Male,198.67.211.179,22.193.141.210,9036024475,4693019065
265,Mickey,McKee,mmckee7c@cdc.gov,Male,228.204.39.176,93.218.209.181,1253404518,1549816105
266,Ellary,Awde,eawde7d@zimbio.com,Male,137.239.235.196,35.106.203.24,2539095449,2145101094
267,Stearne,Lindstedt,slindstedt7e@cbsnews.com,Male,226.181.232.175,117.233.165.80,4843387006,6415284984
268,Terence,McArthur,tmcarthur7f@devhub.com,Male,204.62.122.120,45.61.102.72,4532458466,6833524094
269,Jamima,Painten,jpainten7g@nydailynews.com,Female,47.203.178.37,202.248.133.2,7604143827,6431875869
270,Sadie,Hardware,shardware7h@slideshare.net,Female,170.240.241.187,174.199.62.172,4926162586,8261449499
271,Melessa,Sylvaine,msylvaine7i@ucla.edu,Female,103.215.99.225,197.225.12.231,9662624636,2582419650
272,Teddi,Egdell,tegdell7j@businessinsider.com,Female,72.215.76.78,207.82.236.17,6079380222,1238381537
273,Shara,Auchterlonie,sauchterlonie7k@house.gov,Female,185.10.201.197,122.155.227.179,4783911605,4554809912
274,Berkly,Gauch,bgauch7l@hugedomains.com,Male,142.205.83.48,75.71.12.80,7861135212,1326457289
275,Auberta,Eades,aeades7m@who.int,Female,143.197.254.173,75.169.7.239,9372447292,9284348187
276,Lorrayne,Tollet,ltollet7n@marketwatch.com,Female,139.48.205.149,104.48.81.251,2876864303,4467682161
277,Fairfax,Simioni,fsimioni7o@msn.com,Male,101.58.185.158,249.163.122.99,8071264397,1579042104
278,Morgen,Buick,mbuick7p@blogspot.com,Female,151.207.143.126,126.34.159.46,9169256561,4123814312
279,Maribeth,Ixer,mixer7q@instagram.com,Agender,60.134.190.108,164.187.211.32,3845759635,6601902013
280,Rita,Capaldo,rcapaldo7r@skype.com,Female,186.187.225.16,156.36.123.177,6492220096,4903041314
281,Raf,Rasch,rrasch7s@globo.com,Female,19.211.157.254,120.203.129.235,8962609998,5529995911
282,Pyotr,Bonhome,pbonhome7t@ucla.edu,Male,89.127.239.244,75.201.197.126,9012616572,7514475988
283,Rolph,Impson,rimpson7u@bloomberg.com,Male,83.48.223.4,37.183.8.117,1164902970,8378371852
284,Westbrooke,Allawy,wallawy7v@etsy.com,Male,3.152.49.0,46.236.78.31,8426511186,2891386041
285,Robinson,Sheere,rsheere7w@theguardian.com,Male,180.198.240.166,99.104.146.40,3099811064,1727265037
286,Efren,Athowe,eathowe7x@edublogs.org,Male,129.162.0.112,148.199.62.194,7489093387,1258556120
287,Crysta,Sainz,csainz7y@webeden.co.uk,Bigender,247.54.205.22,84.47.252.108,4985219285,5346117791
288,Gilda,Kornyakov,gkornyakov7z@e-recht24.de,Female,13.64.72.214,219.180.216.116,6909129445,1772063745
289,Rutter,Boden,rboden80@youtube.com,Male,221.77.66.56,35.74.108.57,6566296705,8704116499
290,Heinrik,Joubert,hjoubert81@independent.co.uk,Polygender,49.254.145.172,51.114.57.166,6613877302,3318694186
291,Gayelord,Goodreid,ggoodreid82@miibeian.gov.cn,Male,135.144.254.11,56.170.182.199,6628081598,7188981779
292,Hartley,Frape,hfrape83@hp.com,Male,23.106.252.66,242.133.149.173,6456592183,6195027321
293,Maynord,Rubinowitch,mrubinowitch84@goo.gl,Male,227.74.39.97,18.219.16.2,4058924296,6613186973
294,Valeda,Reburn,vreburn85@tmall.com,Female,119.179.101.235,127.139.95.112,6853154569,4674184828
295,Felicle,Fuller,ffuller86@state.gov,Female,119.190.61.158,132.183.110.244,6446405347,9439808418
296,Matilde,McLachlan,mmclachlan87@gizmodo.com,Female,54.10.168.22,153.34.134.164,5445270102,9041659924
297,Danice,Stucke,dstucke88@mlb.com,Female,185.104.33.178,41.77.208.61,9862021044,1046108623
298,Koressa,Blackesland,kblackesland89@shinystat.com,Female,168.201.111.133,156.84.215.192,3351182961,2118825641
299,Dannie,Sandell,dsandell8a@addthis.com,Female,250.66.13.165,140.93.124.72,6099223472,7555605735
300,Hamlin,MacCurley,hmaccurley8b@creativecommons.org,Male,105.107.159.102,180.211.20.88,4462552948,9779696980
301,Jerrie,Comiskey,jcomiskey8c@imgur.com,Female,110.24.218.33,119.215.100.50,9026493046,5209531554
302,Marybeth,Durbyn,mdurbyn8d@techcrunch.com,Female,67.136.190.12,106.204.133.77,1768676499,2057108251
303,Arlene,Armstrong,aarmstrong8e@digg.com,Female,100.181.254.102,197.192.185.35,5832157100,8027553830
304,Si,Mertin,smertin8f@example.com,Male,27.131.133.71,46.243.163.154,9416049933,1882505275
305,Benji,Sarre,bsarre8g@springer.com,Genderqueer,250.68.35.224,69.219.144.128,2057755452,4451539572
306,Eada,Brewster,ebrewster8h@disqus.com,Female,0.83.229.30,62.144.139.166,8673717951,5707000876
307,Bekki,Whye,bwhye8i@sourceforge.net,Female,64.127.25.44,68.107.169.57,9774034621,7402744910
308,Giacobo,Gosalvez,ggosalvez8j@list-manage.com,Agender,40.58.29.62,162.163.79.247,7496644713,2193104419
309,Hans,Mulmuray,hmulmuray8k@example.com,Male,197.87.194.116,105.20.129.109,2219650507,2557245958
310,Hilario,Finlow,hfinlow8l@netscape.com,Male,73.38.20.45,0.76.42.236,7858821575,8498727076
311,Alfonse,Lasty,alasty8m@china.com.cn,Genderqueer,6.139.75.81,201.194.96.55,7038584027,4152840657
312,Minni,Bowness,mbowness8n@webmd.com,Female,68.180.103.45,239.51.231.128,4806010593,2287848211
313,Lynde,Coldbath,lcoldbath8o@state.tx.us,Female,59.166.191.15,108.84.169.101,7365778670,5103001092
314,Dwain,Matyukon,dmatyukon8p@over-blog.com,Male,37.166.198.160,198.92.148.71,3975315989,8232062328
315,Buck,Phebey,bphebey8q@w3.org,Male,100.109.196.187,146.209.159.200,5217261158,4375961045
316,Rockwell,Helbeck,rhelbeck8r@over-blog.com,Bigender,33.113.70.248,92.247.53.95,5088347484,7663912004
317,Lenee,Caldwell,lcaldwell8s@dagondesign.com,Female,148.145.74.20,40.72.190.6,5486876420,2762132223
318,Nickolas,Rieger,nrieger8t@naver.com,Male,141.164.41.252,241.51.196.21,4869718246,3164221106
319,Chiquia,Sherman,csherman8u@sun.com,Female,139.106.150.16,173.218.167.227,9117996690,8273244944
320,Kerwin,Gier,kgier8v@paypal.com,Male,189.146.15.37,41.11.238.212,1203751494,5581080549
321,Avril,Walby,awalby8w@ebay.com,Female,64.155.242.156,105.84.129.202,2526257410,4322298712
322,Adey,Tudor,atudor8x@nhs.uk,Female,103.5.79.232,119.227.45.196,3158963861,7473323864
323,Marlo,Bellany,mbellany8y@myspace.com,Male,5.28.246.75,8.248.90.172,6304372975,6926598665
324,Moreen,Beere,mbeere8z@gravatar.com,Female,216.247.35.198,39.118.247.92,1771939563,7587839545
325,Francesca,Szantho,fszantho90@msu.edu,Female,83.94.60.154,166.94.98.33,2273523948,5231506311
326,Cynthia,Baudins,cbaudins91@mlb.com,Female,147.175.134.92,93.240.175.150,6071569384,1233541655
327,Alessandro,Chaffyn,achaffyn92@toplist.cz,Male,165.236.237.212,135.208.55.9,8157055319,3438144158
328,Martie,Humes,mhumes93@prlog.org,Female,0.168.159.244,185.217.10.165,1322804674,4191863329
329,Chrysa,Bein,cbein94@fotki.com,Female,94.0.123.171,54.196.75.90,7581463585,7084594034
330,Hammad,Covendon,hcovendon95@businessweek.com,Male,116.247.221.105,233.61.243.113,6209899706,4821230688
331,Cos,Skones,cskones96@bloomberg.com,Male,178.200.98.152,197.90.81.63,9427571252,7175454091
332,Ali,Chatten,achatten97@freewebs.com,Female,197.55.145.223,16.24.168.233,7752174699,7771330753
333,Free,Marushak,fmarushak98@bloomberg.com,Male,239.76.21.213,98.206.219.168,8772015988,9697556328
334,Marina,Robuchon,mrobuchon99@wiley.com,Female,163.220.237.75,68.234.186.154,7469129101,2435803761
335,Jonas,Loding,jloding9a@home.pl,Male,172.36.111.135,162.42.121.146,1457559598,5805028175
336,Tom,Drynan,tdrynan9b@alexa.com,Male,144.25.248.220,161.73.134.231,5749462856,6416576808
337,Hettie,Pashba,hpashba9c@joomla.org,Female,249.147.220.178,118.158.189.49,2246182929,2128065683
338,Any,Vasyutkin,avasyutkin9d@amazon.de,Male,38.217.43.18,35.181.252.8,2657406977,5786360455
339,Malinde,Notley,mnotley9e@godaddy.com,Polygender,171.189.16.216,28.8.220.119,8131079893,7966347816
340,Kippar,Josland,kjosland9f@huffingtonpost.com,Agender,133.215.14.207,207.184.14.9,7538175778,3939367396
341,Reinaldos,O'Flynn,roflynn9g@yahoo.com,Male,175.67.8.65,109.28.255.161,7834245062,3952635597
342,Granny,Blanko,gblanko9h@google.de,Male,102.3.244.131,43.114.44.35,6636441136,7147779488
343,Viviana,Posen,vposen9i@indiatimes.com,Female,54.190.199.2,36.146.7.251,9946333603,5228984995
344,Joete,Nutt,jnutt9j@opera.com,Female,188.35.200.46,54.255.22.99,8845855437,3664014065
345,Osmund,Clulee,oclulee9k@virginia.edu,Male,166.68.132.106,237.240.65.122,9792139677,4631374962
346,Heda,Tunnicliff,htunnicliff9l@businessweek.com,Female,184.181.109.149,15.137.88.219,1799675971,3983908968
347,Farrel,Jirick,fjirick9m@example.com,Male,46.177.61.247,177.180.214.254,2097724793,8238946721
348,Francklyn,Casa,fcasa9n@cbc.ca,Bigender,195.110.1.30,185.2.105.214,3536356236,6499625954
349,Darlene,Kindon,dkindon9o@mac.com,Genderfluid,64.247.117.111,68.10.213.70,9135779080,5642849084
350,Son,Maps,smaps9p@nih.gov,Male,131.225.154.169,202.51.247.255,7664777919,4291932622
351,Reina,Amott,ramott9q@globo.com,Female,101.143.130.51,114.236.90.31,5435149808,4039616495
352,Lee,Ingle,lingle9r@opera.com,Female,16.194.254.84,230.224.241.73,5047728774,4922358223
353,Norris,Tyndall,ntyndall9s@youtu.be,Male,80.173.66.205,163.229.74.76,9046319393,4731229239
354,Hildagard,Dimberline,hdimberline9t@jimdo.com,Agender,36.42.225.37,133.128.46.252,2326448819,7206319573
355,Ravi,Culy,rculy9u@fc2.com,Polygender,113.122.101.98,111.1.209.32,6373542486,9411378403
356,Marilyn,Gainsburgh,mgainsburgh9v@baidu.com,Female,34.101.205.99,90.246.182.126,9303164752,5457533318
357,Joice,Scrivens,jscrivens9w@wordpress.com,Female,241.102.112.45,32.158.117.192,1085316540,6566908432
358,Bucky,Katt,bkatt9x@nytimes.com,Genderfluid,170.148.210.196,195.228.189.190,5256060279,9771163263
359,Joleen,MacNally,jmacnally9y@wp.com,Female,12.44.2.127,14.143.207.165,1709917494,9798874762
360,Dougy,Fierro,dfierro9z@hc360.com,Male,123.63.36.40,162.211.133.202,8772620944,1898563024
361,Lanny,Bleyman,lbleymana0@ucoz.com,Female,68.238.185.64,171.60.93.7,5003657213,3251014278
362,Cosmo,Diggell,cdiggella1@nyu.edu,Male,196.188.48.10,32.30.222.10,8388933827,5137726934
363,Emily,O' Timony,eotimonya2@dailymail.co.uk,Female,246.77.68.210,150.54.14.176,4508234562,1317392479
364,Shoshana,Jorat,sjorata3@twitpic.com,Female,61.85.205.234,243.179.86.190,4864540172,1973145697
365,Yvette,Grills,ygrillsa4@wikipedia.org,Female,125.174.194.191,24.213.101.246,3449272610,1833661476
366,Tessi,O'Kieran,tokierana5@netvibes.com,Female,10.92.141.248,48.122.46.46,6056119436,3659055669
367,Cecilla,Petrak,cpetraka6@people.com.cn,Female,142.199.75.27,80.69.202.70,4536854671,8073758085
368,Brock,Paddison,bpaddisona7@buzzfeed.com,Male,83.2.14.15,11.89.100.57,9307391801,6056596482
369,Brent,Newling,bnewlinga8@miibeian.gov.cn,Male,245.82.217.239,116.182.114.44,2861827455,7592196116
370,Theresita,Buttress,tbuttressa9@youtube.com,Female,233.246.33.132,155.24.167.114,5872132159,4636715818
371,Eustace,Isenor,eisenoraa@jigsy.com,Male,74.219.173.129,68.114.228.215,6484714646,2218963726
372,Eldredge,Titt,etittab@apple.com,Bigender,5.89.178.230,113.210.232.12,4276573673,3903601452
373,Jacquetta,Canada,jcanadaac@cbc.ca,Female,43.3.24.209,107.170.116.48,5613404172,5757300405
374,Maximilien,Peiser,mpeiserad@yale.edu,Male,90.92.2.27,54.45.94.88,7337024258,3529123363
375,Jake,McAvaddy,jmcavaddyae@facebook.com,Male,16.165.77.141,193.190.80.66,6125637959,4924100431
376,Glori,Detoile,gdetoileaf@domainmarket.com,Female,135.192.41.139,168.215.121.99,6984417606,5954648397
377,Doug,Smart,dsmartag@paginegialle.it,Male,246.190.196.174,99.87.203.30,1116213398,6088574492
378,Hailey,Repper,hrepperah@stumbleupon.com,Male,161.232.95.229,50.116.176.222,2195439829,6598396775
379,Whitman,Fawckner,wfawcknerai@indiatimes.com,Male,189.31.7.98,81.202.175.54,9613288262,3583701607
380,Mahmoud,Tredinnick,mtredinnickaj@twitpic.com,Male,155.191.8.237,174.31.42.92,5928405406,5044494212
381,Augustin,Greenig,agreenigak@fema.gov,Male,15.51.31.168,252.199.252.226,3336500169,8658547706
382,Ewart,Oldknow,eoldknowal@businessweek.com,Male,33.184.233.84,90.61.121.184,4692215015,2368738470
383,Lalo,Proudlock,lproudlockam@netlog.com,Male,32.223.220.69,254.116.228.71,6235146660,2301445634
384,Lev,Kent,lkentan@wsj.com,Male,118.72.143.12,48.195.129.84,1442315159,7157886626
385,Giselle,Learie,glearieao@rambler.ru,Female,108.20.39.121,6.148.113.53,7863972469,4358933285
386,Gay,Ivoshin,givoshinap@g.co,Male,228.88.60.50,112.93.62.81,5201501627,2129017189
387,Herta,Bein,hbeinaq@narod.ru,Female,168.39.190.221,239.217.178.45,4429739517,7638444626
388,Killie,Petrasek,kpetrasekar@google.fr,Male,23.54.162.18,244.40.205.246,9578533555,7223021729
389,Adara,Parker,aparkeras@canalblog.com,Female,205.128.203.3,219.104.181.59,2605973138,8601425353
390,Sharona,Luke,slukeat@google.com.hk,Female,30.120.94.131,46.2.31.152,7775877340,2789536186
391,Abbot,Elsom,aelsomau@shop-pro.jp,Male,52.233.208.94,86.60.15.96,1804271165,5822382857
392,Jacquelynn,Mathews,jmathewsav@canalblog.com,Female,13.86.120.3,196.237.94.220,9949506428,5077021524
393,Ainsley,Cornau,acornauaw@alexa.com,Female,173.86.42.142,228.20.227.91,4106964899,6741898806
394,Nadine,Schettini,nschettiniax@youtu.be,Female,176.162.109.45,243.50.245.107,6132848341,5872592731
395,Tammy,Vashchenko,tvashchenkoay@joomla.org,Male,219.135.131.45,111.180.85.183,9914174045,2425509336
396,Anabella,Wyrill,awyrillaz@ycombinator.com,Female,20.172.144.83,58.67.188.22,2121618891,4347308544
397,Kissee,Landsberg,klandsbergb0@gmpg.org,Female,175.116.175.179,244.246.228.117,8199701436,2869309182
398,Vannie,MacKay,vmackayb1@plala.or.jp,Female,89.80.251.25,43.93.1.179,8738799527,9403452743
399,Allie,Caslane,acaslaneb2@nsw.gov.au,Male,24.206.15.20,169.40.96.149,8552833323,1396001339
400,Erasmus,Coutthart,ecoutthartb3@washingtonpost.com,Male,77.210.50.36,243.225.180.47,9801014809,1171437712
401,Ivan,Tumbridge,itumbridgeb4@soup.io,Bigender,96.67.164.47,131.149.156.227,7255724954,2173825848
402,Sammie,Scardifeild,sscardifeildb5@oracle.com,Male,3.60.19.223,152.164.249.163,2944190441,7286053788
403,Sigfried,Dairton,sdairtonb6@nifty.com,Genderfluid,65.182.190.115,174.188.65.57,4378547816,1236891921
404,Bab,Gawthorpe,bgawthorpeb7@thetimes.co.uk,Genderqueer,18.52.238.173,37.161.137.47,8203695476,9091850348
405,Josie,Aves,javesb8@posterous.com,Female,72.21.225.159,148.131.193.107,2056987557,9221293947
406,Waldon,Townsend,wtownsendb9@goo.ne.jp,Male,84.148.197.92,143.171.142.6,8272130217,9902411868
407,Camala,McGraffin,cmcgraffinba@un.org,Female,106.63.4.3,133.63.176.12,8779206539,9716455323
408,Ugo,Brenston,ubrenstonbb@surveymonkey.com,Male,238.153.24.204,32.170.169.176,1389877612,6848496306
409,Nathalia,Handslip,nhandslipbc@blog.com,Female,32.99.135.47,39.82.169.62,3938352455,4738036450
410,Sven,Cheke,schekebd@netvibes.com,Male,75.66.144.28,11.148.134.211,7346226549,5205463760
411,Eberhard,Maharg,emahargbe@scientificamerican.com,Male,180.230.51.217,173.233.197.132,8017513956,2152177356
412,Antony,Bleasdale,ableasdalebf@etsy.com,Male,67.45.167.65,25.118.18.14,7394501719,8895448491
413,Charis,Jeal,cjealbg@youku.com,Female,238.20.188.86,248.167.73.40,6365822548,9466666930
414,Brynn,Durman,bdurmanbh@hexun.com,Female,201.112.215.61,39.92.249.139,1241107306,4567103308
415,Devinne,Keyse,dkeysebi@hubpages.com,Female,54.130.220.236,51.18.250.233,7121180139,8555325378
416,Morgun,Killigrew,mkilligrewbj@amazon.com,Male,103.249.4.222,27.155.173.147,6973491920,1932640111
417,Teddie,O'Codihie,tocodihiebk@mediafire.com,Male,136.180.153.237,164.106.248.39,9029976827,2186771180
418,Urbano,Tortice,utorticebl@craigslist.org,Male,136.173.20.157,8.85.90.234,1894166750,7023707068
419,Umeko,Iacovelli,uiacovellibm@utexas.edu,Female,160.151.78.248,254.214.149.218,6695950568,8237907645
420,Tyler,Cochrane,tcochranebn@uiuc.edu,Male,214.250.206.120,112.182.166.93,3004510184,2812754486
421,Raul,Ancliff,rancliffbo@storify.com,Male,185.6.220.19,204.109.146.199,1742392097,4954869312
422,Roldan,Gors,rgorsbp@google.co.uk,Genderqueer,168.25.116.227,221.70.147.187,7284004308,7867398224
423,Donny,Trussell,dtrussellbq@geocities.com,Female,29.182.234.229,222.203.59.13,2563934219,8645883079
424,Gwendolyn,Lafayette,glafayettebr@discuz.net,Agender,158.205.97.43,37.74.70.111,5853865069,2326822298
425,Sharity,Teasell,steasellbs@jigsy.com,Female,31.130.247.91,61.30.165.211,4725883007,3299657728
426,Ambrose,Treneman,atrenemanbt@fc2.com,Polygender,37.204.130.148,28.120.204.26,5305384460,8861854840
427,Geneva,Hodge,ghodgebu@google.it,Genderqueer,167.95.229.145,161.72.240.158,8428474312,4366388366
428,Christan,Simioni,csimionibv@aol.com,Female,228.241.36.195,71.243.21.222,5858981255,1845561362
429,Noland,Cane,ncanebw@cornell.edu,Male,218.196.53.40,26.46.45.21,4074833497,1052609394
430,Ruggiero,Coldtart,rcoldtartbx@tamu.edu,Male,180.46.156.135,177.59.238.12,1901622541,2442728264
431,Colman,Cowlam,ccowlamby@comcast.net,Male,236.83.88.237,141.55.254.24,4085370792,7782731687
432,Barclay,Stubbington,bstubbingtonbz@histats.com,Male,218.251.96.216,243.46.205.201,5489919713,3688553661
433,Earvin,MacNamara,emacnamarac0@rakuten.co.jp,Male,44.166.69.157,147.137.106.124,9196392348,9365434557
434,Loren,Snaith,lsnaithc1@edublogs.org,Female,6.29.147.144,18.141.200.210,1974352087,3612476553
435,Daryn,Isacke,disackec2@barnesandnoble.com,Female,213.56.22.240,172.84.6.13,7311408269,5996103138
436,Joella,Paternoster,jpaternosterc3@amazon.co.jp,Female,177.124.187.42,217.181.243.227,2674641439,9184982234
437,Trenna,Lille,tlillec4@google.com.br,Female,183.15.26.182,179.132.113.142,7766597541,2011123029
438,Vernice,Manktelow,vmanktelowc5@bizjournals.com,Female,179.186.233.90,217.12.119.144,1851392781,2707298662
439,Trstram,Wadeling,twadelingc6@sbwire.com,Male,29.85.147.160,176.199.36.138,9957960634,3336461450
440,Tamas,Nussgen,tnussgenc7@google.es,Male,129.10.178.74,158.8.25.139,2403492096,7189011825
441,Kelley,Gleave,kgleavec8@w3.org,Male,205.7.150.26,243.129.53.32,9589314351,5446186651
442,Gamaliel,Zellick,gzellickc9@admin.ch,Male,248.47.82.228,148.149.96.240,5171423846,7778713456
443,Aguie,Bowerbank,abowerbankca@google.com.hk,Male,89.167.160.164,63.98.92.206,3628049862,4208284940
444,Humfrey,Simoes,hsimoescb@newyorker.com,Male,140.225.210.166,80.249.183.20,8954462227,6702182962
445,Cissy,Chaffen,cchaffencc@bbc.co.uk,Female,200.97.169.246,21.35.171.85,4507898286,8127064228
446,Max,Shirland,mshirlandcd@t.co,Male,88.140.147.81,103.204.207.53,6501020784,2434479286
447,Courtney,Tebald,ctebaldce@webeden.co.uk,Male,139.14.66.124,229.227.111.142,5107865086,2343193399
448,Dimitri,Ioselev,dioselevcf@ucsd.edu,Male,67.239.253.65,200.12.65.246,8333460595,2131817426
449,Marius,Gerritsma,mgerritsmacg@acquirethisname.com,Male,168.185.124.8,128.223.90.205,8508447572,3572092096
450,Kipp,Boate,kboatech@businessweek.com,Agender,89.230.91.18,105.100.205.37,9472774980,2719820336
451,Ericha,Adanet,eadanetci@amazon.co.uk,Genderqueer,206.115.27.77,70.88.18.169,3195672157,9234697596
452,Harlie,Vaun,hvauncj@guardian.co.uk,Female,239.129.157.189,193.104.54.35,3346318025,8312096833
453,Millicent,Doucette,mdoucetteck@surveymonkey.com,Female,250.54.80.230,46.26.254.128,8456670706,6961830627
454,Garold,MacAvaddy,gmacavaddycl@usnews.com,Male,198.150.105.195,15.15.122.251,4882801876,5587319328
455,Edeline,Peete,epeetecm@hostgator.com,Female,233.196.187.63,85.221.55.21,4973735772,1302255326
456,Janice,Tire,jtirecn@sphinn.com,Female,87.146.77.198,86.133.148.139,5876463140,1451556983
457,Ellwood,Pellant,epellantco@cornell.edu,Male,67.50.158.84,161.241.21.175,2285598966,7349277177
458,Devy,Ginnally,dginnallycp@live.com,Male,222.29.237.168,49.48.39.152,3975488270,3193707322
459,Sidoney,Munson,smunsoncq@youtu.be,Female,138.26.223.255,62.12.75.184,6356622276,9948514228
460,Neilla,Cassely,ncasselycr@zdnet.com,Female,66.213.167.231,8.129.155.192,7039888134,5227483941
461,Sigfrid,Connachan,sconnachancs@ehow.com,Male,201.151.85.131,88.12.11.110,3394426356,4967847566
462,Diena,Bahike,dbahikect@imageshack.us,Female,205.120.243.242,23.65.195.155,7574675285,1249234007
463,Alejandro,Layland,alaylandcu@berkeley.edu,Male,222.117.51.188,55.180.216.12,2933032545,6333182566
464,Philomena,Greenhough,pgreenhoughcv@wikimedia.org,Female,231.194.210.249,101.191.27.11,1206964723,6442208264
465,Tally,Spinage,tspinagecw@nationalgeographic.com,Genderfluid,10.161.102.35,27.11.130.243,7962309435,7624235442
466,Gannon,Byles,gbylescx@ucsd.edu,Male,54.34.69.177,14.240.86.66,6621012459,3445422282
467,Waldemar,Sambeck,wsambeckcy@jiathis.com,Male,81.170.197.125,61.144.243.8,1526425214,2246343287
468,Danella,Eydel,deydelcz@apache.org,Female,178.82.243.150,222.128.198.230,4807850167,7773786640
469,Jewel,de Tocqueville,jdetocquevilled0@simplemachines.org,Female,187.33.161.202,217.242.104.126,5238020759,1971161888
470,Dennie,O'Shea,doshead1@networksolutions.com,Female,16.45.134.84,214.41.107.66,2436678284,6394223781
471,Odey,Ashman,oashmand2@tiny.cc,Male,244.78.88.26,61.137.180.30,5823117988,7191771799
472,Giana,Konrad,gkonradd3@vistaprint.com,Female,71.83.136.100,78.78.43.137,4419638155,7728667421
473,Alfonse,Ebbings,aebbingsd4@abc.net.au,Male,235.50.11.4,8.165.96.144,3351118439,5302957003
474,Megen,Kalf,mkalfd5@sbwire.com,Female,156.111.79.40,217.33.119.123,9488935747,2388639293
475,Aluin,Gilhouley,agilhouleyd6@foxnews.com,Male,240.197.120.108,234.119.220.179,4685211435,8459885436
476,Tull,Tunmore,ttunmored7@slashdot.org,Male,92.154.212.104,131.123.50.58,7683409956,8589263102
477,Glynnis,Jowsey,gjowseyd8@bandcamp.com,Female,220.195.37.6,179.67.54.91,3859014808,1396110223
478,Amelita,Mouland,amoulandd9@yandex.ru,Female,193.197.120.223,127.27.34.180,8733999856,7493259176
479,Nichole,Bourdas,nbourdasda@abc.net.au,Male,187.197.109.57,19.122.107.92,2123244752,9238350436
480,Dougy,Hulburd,dhulburddb@youtube.com,Male,247.12.195.127,125.0.54.180,5698925562,7759734558
481,Francklyn,Garlinge,fgarlingedc@msn.com,Male,245.202.145.185,85.235.172.251,8869592546,8751906267
482,Bidget,Scotchbourouge,bscotchbourougedd@shop-pro.jp,Female,146.214.73.50,110.216.163.68,8302725907,3449992140
483,Mavra,Antal,mantalde@shareasale.com,Female,99.96.225.167,225.178.195.126,4866718723,8415382271
484,Hannah,Harling,hharlingdf@thetimes.co.uk,Female,201.230.231.85,234.70.88.51,1493645208,3578308577
485,Regine,Satterthwaite,rsatterthwaitedg@mozilla.org,Bigender,90.185.238.113,124.14.81.85,5519419518,4022279786
486,Nerita,Vlasov,nvlasovdh@narod.ru,Female,97.90.107.32,232.44.8.27,7072039418,3534440729
487,Jessa,Crosham,jcroshamdi@123-reg.co.uk,Female,38.30.83.33,56.179.242.209,5867261297,6194108274
488,Alphard,Axup,aaxupdj@go.com,Male,215.248.116.20,107.228.206.0,1523185243,9967326292
489,Luciana,Reichelt,lreicheltdk@cdbaby.com,Genderfluid,84.132.33.80,81.230.232.163,8682862396,6701262472
490,Nessy,Westcar,nwestcardl@wordpress.org,Female,138.31.153.60,134.34.53.172,2522978438,8779237550
491,Pacorro,Buckbee,pbuckbeedm@samsung.com,Male,109.33.129.221,147.86.199.18,6955848946,8691360932
492,Billy,Booth-Jarvis,bboothjarvisdn@tripadvisor.com,Male,57.171.249.215,44.186.33.36,1112943233,8861227860
493,Michele,Quayle,mquayledo@nsw.gov.au,Male,41.78.146.91,23.149.213.19,4189183091,9718253071
494,Arel,Strowan,astrowandp@go.com,Polygender,91.35.21.56,82.106.190.162,6238003484,2089731699
495,Bentley,Isakovic,bisakovicdq@exblog.jp,Male,152.34.164.123,183.150.199.42,8812227551,2361082275
496,Olav,Ghilardini,oghilardinidr@opensource.org,Male,16.59.151.77,47.64.250.75,7643838467,9409301455
497,Dov,Govenlock,dgovenlockds@intel.com,Male,253.116.47.154,137.32.62.245,2725495225,2814159564
498,Frasco,Matteo,fmatteodt@berkeley.edu,Polygender,33.163.106.249,157.242.139.208,9744154631,2915541493
499,Jareb,Worden,jwordendu@time.com,Polygender,174.112.60.144,203.46.180.98,7123072644,6938525523
500,Jeana,Sowerby,jsowerbydv@yahoo.com,Female,251.111.57.73,102.178.171.207,3917867064,5352662979
501,Bret,Crottagh,bcrottaghdw@amazon.co.jp,Male,162.6.141.81,38.63.197.231,4287213797,5965981738
502,Dina,Lanchester,dlanchesterdx@elpais.com,Female,194.140.7.178,168.97.58.26,9421834283,5579259948
503,Zebulen,Renbold,zrenbolddy@harvard.edu,Male,187.99.84.59,152.132.23.90,9384116731,4821403404
504,Eolande,Durtnal,edurtnaldz@1und1.de,Female,109.101.158.99,137.124.97.168,4748143867,1671187282
505,Elsworth,Slator,eslatore0@tinyurl.com,Male,243.194.55.136,145.214.189.159,1307739270,1677381341
506,Linzy,Jeenes,ljeenese1@youtube.com,Female,71.122.253.186,213.163.226.53,7222582838,3369348689
507,Suzanna,Jozef,sjozefe2@miibeian.gov.cn,Female,20.96.47.247,58.108.12.195,5867027668,6626543181
508,Tiebold,Penny,tpennye3@usa.gov,Male,139.213.52.108,220.68.176.19,4643005475,9645342062
509,Gib,Rogez,grogeze4@icio.us,Male,148.176.179.163,34.244.110.214,5701823832,8294543837
510,Coleen,Cisco,cciscoe5@i2i.jp,Genderfluid,209.160.79.250,17.132.70.77,4914203930,5869189763
511,Zuzana,Swalwel,zswalwele6@yolasite.com,Female,210.51.41.96,147.115.74.82,9305734675,4205874512
512,Giorgio,Bellord,gbellorde7@hostgator.com,Genderqueer,63.98.85.211,146.161.104.103,9838282324,1577221591
513,Bear,Streader,bstreadere8@comcast.net,Male,2.197.122.139,26.24.140.75,9491701853,6395690073
514,Tillie,O'Hare,toharee9@utexas.edu,Female,82.185.4.213,6.8.36.171,8047375099,3281092384
515,Cyndi,Bollard,cbollardea@homestead.com,Female,192.219.47.240,27.147.189.212,3697220415,8888158255
516,Ermina,Zincke,ezinckeeb@sfgate.com,Female,243.38.159.132,161.179.63.189,3135199475,4956213438
517,Desdemona,Gonthard,dgonthardec@blog.com,Genderqueer,113.42.33.133,44.159.101.194,1799711906,1505866781
518,Nealson,Durrance,ndurranceed@cnbc.com,Male,183.117.46.152,186.69.4.12,2906113186,3309040892
519,Eamon,Getley,egetleyee@miibeian.gov.cn,Male,48.71.163.235,118.243.210.8,4983466617,7743676118
520,Ker,Brahan,kbrahanef@e-recht24.de,Bigender,12.61.107.16,252.88.153.113,4386312993,7115896167
521,Eddy,Boate,eboateeg@dailymail.co.uk,Non-binary,134.118.35.53,254.18.177.64,2023807290,6358312810
522,Maury,Diter,mditereh@gov.uk,Male,148.141.164.32,182.156.149.93,8762914474,4017090318
523,Jerald,Stormouth,jstormouthei@shop-pro.jp,Male,91.38.25.72,11.48.96.145,8979262827,3127195946
524,Joane,Dunsmuir,jdunsmuirej@w3.org,Female,72.213.194.218,92.254.243.180,3817364964,7404674056
525,Helena,Orr,horrek@nature.com,Female,15.242.166.202,111.110.21.175,7739969210,7265250660
526,Nial,Queenborough,nqueenboroughel@google.cn,Male,249.94.166.59,4.102.212.109,7024212075,6603502827
527,Whitby,Cardozo,wcardozoem@adobe.com,Male,115.217.175.98,210.221.46.72,1213930077,4676273937
528,Vivyan,Rathmell,vrathmellen@ed.gov,Female,165.96.250.102,237.4.183.50,7138014061,5939283593
529,Herschel,Vokins,hvokinseo@webeden.co.uk,Polygender,8.115.100.11,137.147.215.199,4158650594,1415685348
530,Ronni,Westman,rwestmanep@xing.com,Bigender,149.202.26.104,131.179.187.229,5492716056,1608290694
531,Chrissy,Azemar,cazemareq@themeforest.net,Male,102.62.249.60,165.246.11.126,4397269806,2329366473
532,Jemie,Longworthy,jlongworthyer@google.cn,Female,64.230.203.97,31.193.5.123,2734242810,6269524728
533,Jonathon,MacCurlye,jmaccurlyees@wiley.com,Genderfluid,226.39.67.198,11.117.178.239,3311128114,4437479554
534,Malchy,Tulloch,mtullochet@hugedomains.com,Male,123.245.183.128,37.240.138.171,6678929279,9632055096
535,Hamlen,Stillert,hstillerteu@hexun.com,Male,246.115.233.234,37.9.10.206,6014843257,4418146010
536,Ring,Isgate,risgateev@redcross.org,Male,21.165.184.48,231.142.51.102,4896392938,5416041270
537,Letitia,Jeffry,ljeffryew@tinyurl.com,Female,0.44.4.167,144.254.114.214,4383672765,8666527247
538,Agnola,Sumnall,asumnallex@pen.io,Female,253.42.163.29,63.245.204.47,3482231485,9188749860
539,Evy,Peaden,epeadeney@ehow.com,Female,4.44.212.149,230.58.160.202,8912465505,5494377958
540,Arabella,Stabler,astablerez@sohu.com,Female,54.194.43.39,120.151.210.119,5481691857,2539228482
541,Seana,Chalcroft,schalcroftf0@wix.com,Female,219.189.122.48,78.148.156.226,3491536977,3337050260
542,Pebrook,Petit,ppetitf1@tiny.cc,Male,197.205.196.114,9.210.73.42,9234847213,1004036193
543,Mirella,Georgiev,mgeorgievf2@friendfeed.com,Female,236.68.185.192,13.101.144.42,6601638505,8098287906
544,Shina,Gavrielly,sgavriellyf3@biglobe.ne.jp,Female,72.78.55.186,72.128.229.225,3613864163,2026349625
545,Gordan,Dorro,gdorrof4@archive.org,Male,15.105.86.128,20.128.4.27,9417730366,7207591764
546,Isidore,Ladley,iladleyf5@irs.gov,Male,115.35.150.107,178.82.159.108,7521386516,5752452219
547,Catarina,Stubbert,cstubbertf6@nydailynews.com,Female,15.238.47.111,137.130.118.118,6758845133,3314165342
548,Tamas,Siggery,tsiggeryf7@auda.org.au,Male,120.103.147.48,59.70.181.43,7478579324,9346592059
549,Glenn,Neasam,gneasamf8@narod.ru,Male,48.151.176.74,223.234.190.239,1557776941,7732055877
550,Dennet,Whitlam,dwhitlamf9@goodreads.com,Male,195.168.242.193,36.125.132.186,5444044046,5397351719
551,Webster,Ivashintsov,wivashintsovfa@bloglovin.com,Male,41.165.31.97,187.204.5.158,9034585793,5792826489
552,Rusty,Chapelhow,rchapelhowfb@odnoklassniki.ru,Male,235.97.28.39,212.84.36.62,7087069765,2049671828
553,Bertha,Bartolic,bbartolicfc@csmonitor.com,Female,223.214.39.79,212.84.116.250,6323473035,6789326297
554,Shara,Wybrow,swybrowfd@ibm.com,Female,26.11.16.224,232.168.3.84,9186385170,5039838827
555,Giacobo,Cornillot,gcornillotfe@wikispaces.com,Male,203.5.177.150,249.134.191.216,7227697718,2622462084
556,Robena,Schiersch,rschierschff@paginegialle.it,Female,239.203.28.52,131.182.73.119,9491312252,6374707260
557,Catharine,Sewards,csewardsfg@bing.com,Female,79.206.167.41,54.98.203.44,5441740513,5314854929
558,Colin,Argente,cargentefh@miibeian.gov.cn,Male,194.207.59.211,99.244.136.29,5104481134,1991592654
559,Rodolfo,Tabard,rtabardfi@livejournal.com,Male,220.114.60.22,30.59.94.239,6746848707,8607363247
560,Ilysa,Braiden,ibraidenfj@xinhuanet.com,Female,219.242.235.197,175.147.113.121,1449425129,7145933868
561,Rowena,Keary,rkearyfk@sogou.com,Female,22.207.139.226,143.160.182.101,5281941043,3501359397
562,Ki,Nassy,knassyfl@dell.com,Female,196.215.173.163,108.207.19.83,6348599352,7879577863
563,Townie,Iacovelli,tiacovellifm@slate.com,Male,12.133.26.37,53.209.105.53,7978034944,3921746557
564,Codi,Farnie,cfarniefn@princeton.edu,Female,144.141.237.136,171.99.62.197,1857878854,7037872805
565,Ilyssa,Heimes,iheimesfo@squarespace.com,Female,132.163.173.38,8.200.151.103,1114341268,2582957825
566,Rustie,Trueman,rtruemanfp@google.co.jp,Male,140.193.46.52,19.69.27.147,7694656150,5362996872
567,Constancy,Spellar,cspellarfq@businesswire.com,Female,253.173.232.160,127.251.33.232,9961988905,1123742816
568,Caterina,Budd,cbuddfr@sitemeter.com,Female,248.109.94.95,11.52.138.49,7806561010,4272383323
569,Phaedra,Morphew,pmorphewfs@scientificamerican.com,Female,154.110.57.43,50.191.84.164,2957375783,7459405054
570,Michelle,Mottershaw,mmottershawft@tiny.cc,Female,182.47.245.109,85.75.172.151,9083969508,4074788548
571,Cassandre,Maskelyne,cmaskelynefu@list-manage.com,Female,172.244.134.93,241.14.128.178,5887419068,9194945811
572,Ferguson,MacCumiskey,fmaccumiskeyfv@archive.org,Male,34.12.50.84,160.221.163.234,9517499160,4561295923
573,Massimiliano,Haslehurst,mhaslehurstfw@domainmarket.com,Male,172.87.137.57,123.70.109.69,8306244209,1341008013
574,Richart,Arnow,rarnowfx@mozilla.org,Male,177.85.141.61,106.88.176.231,9247845985,4131455074
575,Aviva,St Ledger,astledgerfy@nasa.gov,Female,28.235.67.145,48.229.4.231,5043919285,3082360532
576,Xymenes,Kob,xkobfz@berkeley.edu,Male,60.143.53.110,134.180.37.172,9778819032,9043287980
577,Gayler,Gilligan,ggilligang0@psu.edu,Male,210.161.47.244,185.21.160.6,2858805660,6668281467
578,Adelind,Harmeston,aharmestong1@newyorker.com,Female,40.199.111.41,243.43.81.30,5357162273,8894236846
579,Terra,Wissby,twissbyg2@dot.gov,Female,240.3.28.254,253.219.197.95,2851544392,5397591844
580,Keefer,Cranmore,kcranmoreg3@yolasite.com,Male,16.77.28.30,96.140.231.172,8375193656,9147338051
581,Dario,Langmuir,dlangmuirg4@sina.com.cn,Male,253.20.244.145,193.31.172.87,1132787080,3174812001
582,Carlotta,Shambrooke,cshambrookeg5@ifeng.com,Female,165.210.160.38,0.21.164.22,8529465079,3689906987
583,Drusi,Poles,dpolesg6@walmart.com,Female,67.7.30.202,43.10.118.114,2906532256,1717977471
584,Brinn,Earlam,bearlamg7@berkeley.edu,Female,200.197.38.174,189.183.113.176,2277525967,2619308198
585,Munroe,Anthoin,manthoing8@bing.com,Male,120.135.206.166,229.114.124.181,8586721576,6059480825
586,Lisle,Armytage,larmytageg9@seesaa.net,Male,177.94.144.189,101.166.180.12,1588731019,6382554647
587,Otto,Bottlestone,obottlestonega@huffingtonpost.com,Male,130.234.207.204,19.51.178.65,1494771101,5156546191
588,Delly,Borth,dborthgb@ted.com,Female,117.193.248.81,86.99.36.254,9954452667,7846572405
589,Cristionna,McEneny,cmcenenygc@vimeo.com,Non-binary,50.41.111.235,27.74.197.32,6265522144,9498926900
590,Clara,Timmes,ctimmesgd@behance.net,Female,21.125.254.101,119.60.241.120,1316691777,3193519348
591,Hobey,Lutwidge,hlutwidgege@prlog.org,Male,239.226.79.150,234.114.174.179,1628902955,3505068312
592,Noreen,Elnaugh,nelnaughgf@amazon.com,Female,37.198.146.137,204.16.31.129,7525270691,2175029742
593,Dominique,Scala,dscalagg@amazon.co.uk,Bigender,122.126.182.164,109.131.132.82,7324934865,2324239216
594,Beryl,Gandar,bgandargh@etsy.com,Genderqueer,214.206.51.187,151.209.35.9,2152893723,5844686077
595,Karalee,Ewer,kewergi@chron.com,Female,233.128.150.229,191.27.159.166,6427820147,3236847053
596,Benedikta,Maciak,bmaciakgj@fc2.com,Polygender,119.124.140.223,52.58.48.16,6828700262,1238720785
597,Laurie,Woffinden,lwoffindengk@wix.com,Male,48.155.138.186,79.235.202.14,9306842971,4075789288
598,Kirby,Harbour,kharbourgl@wisc.edu,Male,56.154.63.134,120.175.35.58,6906216645,2939584170
599,Garrick,Larn,glarngm@paginegialle.it,Male,253.120.97.210,84.43.6.47,5454515288,4607565646
600,Raina,Tocknell,rtocknellgn@cargocollective.com,Female,84.221.37.239,133.165.192.18,9279712907,4492579306
601,Berky,Clemits,bclemitsgo@flickr.com,Male,52.116.21.255,64.255.84.91,4831009805,5041242085
602,Harriet,Strutt,hstruttgp@skype.com,Female,82.18.242.236,32.23.71.146,6076747525,8515009029
603,Teirtza,Paish,tpaishgq@baidu.com,Female,45.194.142.147,56.29.175.216,8544365711,7738323407
604,Jennifer,Iwanczyk,jiwanczykgr@japanpost.jp,Female,39.181.224.31,233.97.201.193,5049603840,5308736925
605,Alphard,Stoffers,astoffersgs@mozilla.org,Male,241.91.213.27,108.115.72.171,2386852801,9569491395
606,Isidor,Grinikhin,igrinikhingt@fotki.com,Male,35.13.44.93,253.227.142.36,8779657857,7991105325
607,Hernando,Bale,hbalegu@mayoclinic.com,Male,172.8.31.73,117.192.69.240,8643502201,9444205534
608,Ninnette,Dearman,ndearmangv@jimdo.com,Female,40.140.119.58,236.182.4.253,3972510406,1247148692
609,Cosimo,Ferraron,cferrarongw@weibo.com,Male,99.102.1.187,188.207.49.231,4952424471,9831802039
610,Maddalena,Shitliffe,mshitliffegx@fema.gov,Female,16.38.225.228,27.43.160.8,9334405089,3308931423
611,Torin,Ruttgers,truttgersgy@soundcloud.com,Male,239.238.79.85,102.40.95.81,5647359853,5998098140
612,Lin,Brunelli,lbrunelligz@examiner.com,Male,176.228.77.152,93.176.184.234,5011391082,2266553712
613,Bord,Sandilands,bsandilandsh0@soundcloud.com,Male,146.180.141.4,209.190.212.188,6193508783,3418419362
614,Hyacinthie,Scollard,hscollardh1@gravatar.com,Female,151.240.216.0,49.18.140.75,2604656960,6639588538
615,Consuelo,Staples,cstaplesh2@cpanel.net,Female,178.250.116.124,239.189.195.3,3195233160,6579660103
616,Ginnifer,Reoch,greochh3@wordpress.org,Female,11.25.15.226,115.162.135.127,5783070060,6397605706
617,Thorny,Penella,tpenellah4@gravatar.com,Male,0.4.28.137,182.234.193.25,1548875892,4811443888
618,Booth,Dwyer,bdwyerh5@fda.gov,Agender,160.83.15.243,192.255.54.76,9776128759,8075069128
619,Kayne,Rosettini,krosettinih6@accuweather.com,Male,241.89.39.212,101.250.105.77,3633616867,9012495124
620,Sandor,Pettitt,spettitth7@virginia.edu,Male,128.135.144.35,157.176.21.87,7448151156,3741305680
621,Whitney,Blankhorn,wblankhornh8@wikia.com,Bigender,90.112.208.209,126.122.9.63,1538345936,1069616121
622,Webster,MacBarron,wmacbarronh9@bluehost.com,Male,123.221.49.164,230.82.129.18,8156740606,1443086373
623,Luelle,Sawyers,lsawyersha@tinypic.com,Female,221.24.106.101,183.52.21.168,8307590003,5384201144
624,Anatola,Byre,abyrehb@macromedia.com,Female,110.88.121.76,242.1.175.19,3614524256,5818557555
625,Noella,Cundy,ncundyhc@gravatar.com,Female,245.191.122.160,63.18.234.210,5187055564,3374642083
626,Gordy,Treves,gtreveshd@angelfire.com,Male,211.171.0.148,45.146.203.187,2631972524,5557599059
627,Jaimie,Wormleighton,jwormleightonhe@wsj.com,Male,248.200.44.116,31.88.16.124,1128592327,1962407155
628,Fredelia,Lackham,flackhamhf@google.com.br,Female,127.69.121.4,108.169.19.99,7968305784,4026632095
629,Fedora,Swainson,fswainsonhg@java.com,Female,94.126.106.117,93.84.130.138,2997283339,6367725500
630,Shandie,Walton,swaltonhh@de.vu,Female,35.210.45.8,182.51.143.74,9267651574,9912939255
631,Orelee,Beniesh,obenieshhi@bravesites.com,Female,244.81.143.253,41.68.43.39,6707473391,1985032583
632,Judd,Cawsey,jcawseyhj@mozilla.com,Male,88.224.245.180,116.144.209.151,8432270774,6834294084
633,Yvor,Coopland,ycooplandhk@timesonline.co.uk,Male,22.161.218.38,250.167.83.10,5821695704,7373130872
634,Daphne,Loffhead,dloffheadhl@mit.edu,Female,192.251.126.216,110.66.245.14,3325452928,2045562997
635,Pearle,Shellsheere,pshellsheerehm@oracle.com,Female,149.59.62.153,2.106.80.77,4548852402,6788153205
636,Raviv,Summerlee,rsummerleehn@nsw.gov.au,Male,96.215.130.2,246.73.138.241,4137679164,6227959767
637,Reinald,Huggard,rhuggardho@nytimes.com,Male,178.96.238.90,30.183.222.111,6918682172,9179462914
638,Oren,Say,osayhp@wikipedia.org,Male,116.101.10.54,182.213.83.185,5197215896,1514638721
639,Rhodia,Trippett,rtrippetthq@sfgate.com,Female,249.207.48.54,68.64.81.208,4758253575,9964684549
640,Bird,Filyaev,bfilyaevhr@utexas.edu,Female,112.172.239.217,145.199.28.26,9537791972,3822159623
641,Georgianna,Camelia,gcameliahs@hostgator.com,Female,76.195.116.27,139.158.115.27,9946035263,7366381108
642,Finn,Barreau,fbarreauht@canalblog.com,Male,255.217.163.239,105.211.81.36,3048394148,4691679868
643,Gerri,Buttle,gbuttlehu@reuters.com,Female,227.111.128.62,49.114.237.150,3003181037,9998822798
644,Evy,Tapsfield,etapsfieldhv@etsy.com,Female,240.182.123.119,13.175.93.224,6314460003,4961325113
645,Morlee,Cowell,mcowellhw@newyorker.com,Male,72.171.195.24,245.136.188.235,3653765031,1096336246
646,Freddy,Crellim,fcrellimhx@tumblr.com,Male,193.21.202.44,15.198.37.47,1917749073,7128723285
647,Berty,Poleykett,bpoleyketthy@amazon.co.uk,Male,223.196.87.209,184.183.193.240,3541916547,6568614637
648,Antons,Boardman,aboardmanhz@wisc.edu,Male,34.110.81.13,155.113.100.227,6959015840,4838504988
649,Willdon,Perazzo,wperazzoi0@yelp.com,Male,122.234.62.169,86.205.193.15,2959599121,5083803756
650,Cher,Burness,cburnessi1@mapy.cz,Female,71.118.218.7,237.30.16.213,9295046953,3499609261
651,Anneliese,Libbie,alibbiei2@tumblr.com,Genderqueer,72.134.190.174,30.198.28.83,4104332383,3092030613
652,Malvina,Macartney,mmacartneyi3@t.co,Female,26.150.48.246,15.171.9.117,7458176511,2317028931
653,Gabriel,Ovell,govelli4@jalbum.net,Male,79.36.175.190,117.45.44.143,4304399930,1824456555
654,Ketty,Ollerton,kollertoni5@nbcnews.com,Female,54.129.12.240,188.124.232.24,8479028415,1411591602
655,Daphna,Graeber,dgraeberi6@jigsy.com,Genderqueer,210.201.136.208,32.110.64.164,9014781639,2811832924
656,Adelbert,Firmage,afirmagei7@sogou.com,Male,150.233.54.128,195.125.208.244,1126663087,8003070708
657,Sigismondo,Wood,swoodi8@cnet.com,Male,246.176.106.62,238.65.12.118,3788562551,4301808531
658,Nita,Shuter,nshuteri9@123-reg.co.uk,Female,68.231.187.159,119.20.22.154,7611176447,1655330492
659,Zarah,Sabater,zsabateria@un.org,Agender,171.171.253.174,186.161.127.113,6107980999,2233551674
660,Carlynn,McQuorkell,cmcquorkellib@youtu.be,Female,191.131.77.165,104.226.73.72,7405478373,4773013877
661,Allyson,Gerg,agergic@apache.org,Female,72.134.153.11,154.244.232.236,6166967966,9365994250
662,Birgit,Lechelle,blechelleid@comsenz.com,Female,150.141.69.245,106.146.110.184,9926074496,4563793843
663,Pearline,MacCague,pmaccagueie@macromedia.com,Female,111.156.154.215,124.25.135.170,5495099397,6934702198
664,Caye,Illidge,cillidgeif@weibo.com,Female,47.139.136.227,224.212.125.179,3213214166,9337321398
665,Osmund,Cescotti,ocescottiig@icio.us,Male,27.126.159.189,49.198.202.42,9457040550,7461203543
666,Edmon,Addicote,eaddicoteih@stumbleupon.com,Male,127.156.30.203,228.10.131.184,7988201781,7614709066
667,Gaile,Capelle,gcapelleii@businessinsider.com,Male,79.162.17.136,133.232.161.78,3363695148,4191258515
668,Kikelia,Durbin,kdurbinij@shop-pro.jp,Female,150.45.167.180,195.64.105.135,5137734588,3397039734
669,Lowell,Ferencowicz,lferencowiczik@guardian.co.uk,Male,176.99.202.120,41.21.166.232,2722953870,9229758377
670,Ulric,Adolf,uadolfil@pbs.org,Male,124.217.51.160,255.125.47.148,6881035731,1362234719
671,Si,Leipnik,sleipnikim@shareasale.com,Male,24.54.52.64,102.234.122.14,3996922037,2185955210
672,Fiona,Tumelty,ftumeltyin@lulu.com,Female,74.103.221.122,131.86.9.16,2953648693,3852460735
673,Frank,Rapo,frapoio@wunderground.com,Male,94.170.93.84,71.209.198.104,7047980065,5819864275
674,Yolanthe,Robbings,yrobbingsip@tamu.edu,Female,137.107.19.158,202.1.233.166,8274711817,8107317842
675,Katy,Blais,kblaisiq@purevolume.com,Female,223.236.169.48,251.145.173.176,1566896604,3165577818
676,Harmon,Crone,hcroneir@globo.com,Male,10.192.223.142,43.100.6.244,2433454919,8242928303
677,Justus,Busch,jbuschis@whitehouse.gov,Male,19.126.16.6,153.99.217.235,2615936511,8919181138
678,Shelli,MacDermand,smacdermandit@acquirethisname.com,Female,195.128.245.241,10.228.71.26,1354956767,3933068249
679,Dorian,Pendock,dpendockiu@joomla.org,Male,178.173.71.10,87.152.59.234,3509279347,1285896143
680,Jaimie,Alvarez,jalvareziv@mlb.com,Genderfluid,208.15.228.4,114.184.133.85,8647771191,3007040944
681,Sullivan,Duffet,sduffetiw@mail.ru,Male,6.226.108.65,78.175.193.193,4906003431,4963967652
682,Evania,Fullylove,efullyloveix@patch.com,Female,104.45.234.211,57.55.252.18,5701722586,2329833490
683,Jacklin,Gillian,jgillianiy@4shared.com,Female,219.177.116.231,146.255.240.175,2244003912,9434751031
684,Si,Ritchman,sritchmaniz@yahoo.com,Male,147.78.138.225,181.120.187.55,1565714880,8393292818
685,Maurizio,Gaye,mgayej0@devhub.com,Male,195.0.68.85,63.28.147.56,9662054982,3783524358
686,Lezlie,Cleveley,lcleveleyj1@goo.gl,Female,144.195.58.203,160.37.88.4,9443201665,4452555966
687,Ester,Kynman,ekynmanj2@sciencedaily.com,Female,187.255.150.186,166.236.145.228,2464048218,6307728577
688,Edmund,Verrier,everrierj3@princeton.edu,Male,13.0.247.225,163.245.33.53,6277221158,1635317440
689,Emmery,Gomby,egombyj4@lulu.com,Male,160.29.28.211,182.50.195.246,1519700183,2512441349
690,Laetitia,Guiton,lguitonj5@latimes.com,Female,51.46.111.141,237.186.209.183,4135244852,8978303942
691,Chrissy,Berecloth,cbereclothj6@mit.edu,Male,125.182.230.24,185.4.5.85,6346113205,8579282613
692,Christos,Probat,cprobatj7@yahoo.co.jp,Male,25.243.107.51,215.211.171.147,6159745470,1919655621
693,Ragnar,Duchatel,rduchatelj8@webs.com,Male,144.159.130.90,87.119.182.68,1977595554,4078375689
694,Penn,Rowena,prowenaj9@yahoo.com,Male,118.65.240.69,114.182.1.96,2915122410,8165240086
695,Mallissa,Mellanby,mmellanbyja@vimeo.com,Female,65.50.5.100,211.48.200.78,3614092293,8301342962
696,Arni,Manson,amansonjb@ed.gov,Genderqueer,26.121.7.189,250.245.148.113,7636177862,2022232093
697,Tadeo,Genery,tgeneryjc@bloglines.com,Male,147.216.220.107,28.43.248.14,4038986040,4749530706
698,Daisi,Crofthwaite,dcrofthwaitejd@deviantart.com,Female,18.152.234.44,235.72.134.55,7923475540,3903471896
699,Rubie,Georgeot,rgeorgeotje@blogspot.com,Female,180.44.147.132,231.99.51.222,7543030958,5921537176
700,Ozzy,Dillingston,odillingstonjf@npr.org,Male,9.110.4.178,44.84.245.254,8569921105,6577221679
701,Jennifer,Drabble,jdrabblejg@mashable.com,Female,144.109.91.74,73.132.14.20,8774156924,3918200249
702,Allyce,Robun,arobunjh@t-online.de,Female,122.217.33.215,183.19.244.7,2912730583,1028237409
703,Carey,Page,cpageji@is.gd,Male,194.209.164.224,61.125.102.118,6051455760,5173703693
704,Royce,Bowgen,rbowgenjj@trellian.com,Male,89.47.120.51,39.182.55.220,6861106031,6827173304
705,Ainslie,Elves,aelvesjk@mozilla.com,Female,179.216.110.17,226.254.34.27,8063665388,2683592475
706,Adolpho,Banstead,abansteadjl@businessinsider.com,Male,55.101.143.54,14.107.245.209,7845160973,2734553632
707,Mikey,Tommen,mtommenjm@patch.com,Male,59.97.20.7,152.141.64.184,5281864425,6606723914
708,Monika,Adao,madaojn@yandex.ru,Female,215.60.182.173,245.117.7.250,8354144687,5664645103
709,Jeff,Werndley,jwerndleyjo@networkadvertising.org,Male,126.232.38.182,62.82.60.223,3364938067,7392245514
710,Danit,Riding,dridingjp@homestead.com,Female,142.98.113.29,203.239.32.98,2706654657,4345003599
711,Sebastian,Red,sredjq@imageshack.us,Male,253.165.1.212,77.96.24.240,2317616145,8552393624
712,Nil,Pedrozzi,npedrozzijr@unc.edu,Bigender,72.192.11.241,43.161.113.140,5744981657,8154136085
713,Charita,Perrycost,cperrycostjs@joomla.org,Female,159.179.48.99,28.3.228.245,4537073756,7477858582
714,Ermin,Fortescue,efortescuejt@earthlink.net,Male,25.114.186.21,164.96.0.13,5332425503,6342699193
715,Obadiah,Connerly,oconnerlyju@msn.com,Male,189.124.19.208,130.171.188.89,4653353282,4246218734
716,Ruthe,Brideoke,rbrideokejv@google.com.br,Female,176.174.217.87,179.106.11.177,2677405009,1277560329
717,Angus,Giraudo,agiraudojw@usatoday.com,Male,148.148.102.114,165.203.230.209,6436928071,8175873500
718,Viki,Alderwick,valderwickjx@marketwatch.com,Female,212.192.155.86,114.92.134.79,1672351906,4501802185
719,Jules,Daborn,jdabornjy@state.gov,Male,86.145.93.130,88.175.0.97,7014736293,2095748273
720,Cyrus,Fortin,cfortinjz@army.mil,Male,8.201.47.19,214.254.11.119,7109094653,6504139926
721,Amberly,Berkelay,aberkelayk0@dell.com,Female,88.180.198.45,210.247.196.251,7455571702,5616241657
722,Silvanus,Laraway,slarawayk1@tumblr.com,Male,31.94.205.87,102.23.17.188,1177591074,3946599061
723,Antonino,Jeanin,ajeanink2@mtv.com,Male,171.215.12.162,60.146.18.50,4534596061,5831016244
724,Corette,Phillcox,cphillcoxk3@trellian.com,Female,7.90.166.15,26.108.46.248,9723898019,7723292217
725,Ugo,Legister,ulegisterk4@oakley.com,Male,94.174.121.26,41.231.208.97,7793568374,1025908045
726,Theadora,Richardin,trichardink5@networksolutions.com,Female,101.34.39.89,207.147.62.116,8492402952,5569704237
727,Renie,MacQuarrie,rmacquarriek6@booking.com,Bigender,22.218.63.123,9.150.215.234,9352227927,7915316706
728,Charley,Hamel,chamelk7@hubpages.com,Male,204.43.159.239,107.121.136.247,5058440247,6431557861
729,Galen,Juris,gjurisk8@boston.com,Agender,29.15.241.218,180.197.240.52,6553501943,8749952825
730,Winfield,Feak,wfeakk9@cargocollective.com,Male,241.7.126.143,114.225.153.150,1027379633,4888277542
731,Lee,Dunphy,ldunphyka@blogspot.com,Male,179.75.158.62,177.168.130.165,6989857833,2345199536
732,Gigi,Mathieu,gmathieukb@deviantart.com,Genderfluid,38.179.28.195,113.108.32.247,4771041795,6521856549
733,Thorsten,Corkitt,tcorkittkc@eepurl.com,Non-binary,216.190.75.195,244.90.22.115,7312528359,4333469533
734,Constancy,Treffrey,ctreffreykd@guardian.co.uk,Female,169.126.226.237,76.239.50.241,4693930786,3799827601
735,Norrie,Stribbling,nstribblingke@illinois.edu,Female,33.149.221.114,43.100.80.229,8279742084,5426594088
736,Rubia,Lawrie,rlawriekf@oaic.gov.au,Female,29.9.236.237,106.85.102.11,3557665940,7568266347
737,Clara,Fawcus,cfawcuskg@unblog.fr,Female,10.31.15.25,124.192.248.119,6952706930,1251183199
738,Almire,Becken,abeckenkh@psu.edu,Female,239.42.229.228,100.223.70.246,1015864415,5352584064
739,Ermanno,Balcombe,ebalcombeki@cam.ac.uk,Genderqueer,193.46.27.81,144.59.46.78,9704675752,4327013914
740,Jackson,Voden,jvodenkj@shinystat.com,Genderfluid,244.125.248.162,101.207.212.108,1962087177,8006120413
741,Sherilyn,Killingbeck,skillingbeckkk@ucsd.edu,Female,100.143.34.125,38.49.57.34,9601152689,1774827086
742,Aymer,Edmonds,aedmondskl@indiatimes.com,Genderqueer,54.200.67.29,193.77.41.93,5046311594,9562628852
743,Cristal,McGeachey,cmcgeacheykm@stanford.edu,Female,89.235.138.41,180.226.135.240,3172725716,4655056220
744,Elenore,Strettle,estrettlekn@answers.com,Female,32.56.106.183,151.148.118.6,8281818589,9758648110
745,Dave,Kupker,dkupkerko@privacy.gov.au,Non-binary,117.227.249.9,47.142.6.205,3365670154,4056464106
746,Meggi,Ratlee,mratleekp@hibu.com,Female,184.158.127.212,221.116.181.213,7363600904,4423504456
747,Beret,Brazelton,bbrazeltonkq@wp.com,Female,60.32.220.84,88.187.186.230,4829199101,7274699705
748,Kiele,Schenkel,kschenkelkr@blogspot.com,Female,16.56.69.20,142.11.230.81,5281996979,4197512027
749,Stearn,Spavins,sspavinsks@google.ru,Male,104.224.236.136,36.107.172.26,9297314925,2276563283
750,Cornelle,Yanukhin,cyanukhinkt@imageshack.us,Female,1.150.57.208,122.190.218.11,4698316594,2192053215
751,Ezri,Snartt,esnarttku@cbsnews.com,Male,60.147.197.90,219.130.95.19,3036886934,9322660705
752,Rosalynd,Standbridge,rstandbridgekv@mashable.com,Female,252.58.0.28,108.145.71.136,4253916352,2345801641
753,Cindi,Seebert,cseebertkw@g.co,Female,137.134.190.4,179.155.123.249,4323594384,4412660952
754,Ally,Hazelgreave,ahazelgreavekx@opensource.org,Female,60.194.86.236,201.8.231.10,8588330396,9401505306
755,Kaja,Phizakarley,kphizakarleyky@histats.com,Female,141.229.229.71,27.243.202.107,4584175038,2046347947
756,Caesar,Leggat,cleggatkz@psu.edu,Male,65.0.242.153,214.78.136.56,8092499139,5028466763
757,Raff,Daveridge,rdaveridgel0@nymag.com,Male,112.7.242.249,118.232.104.6,1662320340,7896272729
758,Tonnie,Haddrill,thaddrilll1@disqus.com,Male,74.97.39.120,39.80.4.242,5714191489,9696852699
759,Cassie,de Keep,cdekeepl2@over-blog.com,Male,154.208.165.80,226.158.254.40,7559696376,8063622573
760,Viv,Eardley,veardleyl3@github.io,Female,218.5.237.162,118.159.200.84,2811437784,8524825324
761,Eleanore,Thacke,ethackel4@so-net.ne.jp,Female,161.21.148.165,24.26.74.198,4951024053,6207183148
762,Esmaria,Harriday,eharridayl5@tuttocitta.it,Non-binary,66.24.225.42,190.175.248.246,9261169269,3042558506
763,Lorita,Pine,lpinel6@simplemachines.org,Female,135.101.186.134,155.172.1.49,3606084350,6034374017
764,Cross,Gounod,cgounodl7@japanpost.jp,Male,6.97.50.108,66.192.108.104,9742727267,7349208473
765,Desdemona,Guppey,dguppeyl8@tripod.com,Female,138.96.192.6,144.94.135.95,9974214270,9479511093
766,Enrique,Pottberry,epottberryl9@mit.edu,Male,134.107.185.19,239.61.222.35,3702065746,8571085556
767,Jackelyn,Dewan,jdewanla@house.gov,Female,239.254.141.170,184.155.228.197,7887276750,6176404497
768,Barton,Girdler,bgirdlerlb@shinystat.com,Genderqueer,106.132.174.188,141.19.221.24,6895386359,8133238153
769,Thaddeus,Janney,tjanneylc@squidoo.com,Male,140.139.223.80,181.155.10.5,9603422852,2027493341
770,Madel,Shellcross,mshellcrossld@prweb.com,Female,166.158.216.67,253.207.100.119,6587604782,5165871832
771,Millicent,Paddle,mpaddlele@squidoo.com,Female,241.65.250.28,251.132.39.172,7583662114,6189878648
772,Vaughan,Bertwistle,vbertwistlelf@columbia.edu,Male,0.231.32.139,234.127.189.91,8362000112,4884209946
773,Ev,Pirolini,epirolinilg@lycos.com,Male,64.27.179.72,229.102.97.188,2047478567,7083852262
774,Inga,Coupland,icouplandlh@nydailynews.com,Female,38.30.181.45,202.129.56.31,9286994180,4796980000
775,Samuel,Orvis,sorvisli@pagesperso-orange.fr,Male,160.13.50.49,8.203.133.76,4927580303,2347602766
776,Clemente,Dwyer,cdwyerlj@flickr.com,Male,30.81.192.53,156.161.68.219,6473638909,8825987383
777,Michail,Ackroyd,mackroydlk@telegraph.co.uk,Male,118.240.179.45,189.109.176.43,6102886991,1225973754
778,Arabella,Hinrich,ahinrichll@a8.net,Female,239.201.94.199,52.2.182.17,5658090717,8633184561
779,Leandra,Britnell,lbritnelllm@cnet.com,Genderqueer,162.159.212.235,150.68.194.33,7119927312,6658555150
780,Rem,Brocklebank,rbrocklebankln@nba.com,Male,188.230.252.145,10.228.74.167,5653353474,4496667935
781,Hamel,Sinnett,hsinnettlo@soundcloud.com,Male,139.60.191.86,186.20.63.238,4978264844,5469827688
782,Bill,Sly,bslylp@163.com,Female,80.34.203.108,181.95.47.227,1595103164,6568706984
783,Gilburt,Spatig,gspatiglq@nymag.com,Male,100.222.90.102,141.161.70.41,7676412016,9875999485
784,Lindon,Gaywood,lgaywoodlr@barnesandnoble.com,Male,69.33.134.124,60.53.149.125,6988101179,7325351133
785,Francyne,Wheowall,fwheowallls@hibu.com,Female,178.93.162.158,91.54.118.140,4406211771,8653249258
786,Hymie,Bearcock,hbearcocklt@berkeley.edu,Male,68.218.81.135,146.113.228.244,2249477622,5506839997
787,Margery,MacParland,mmacparlandlu@illinois.edu,Female,225.213.208.95,48.244.49.46,6897421568,8702057300
788,Pate,Pre,pprelv@zdnet.com,Male,199.249.18.166,18.215.251.145,4995203342,2121544039
789,Marve,Le Marchand,mlemarchandlw@oaic.gov.au,Genderqueer,229.212.12.28,34.123.69.160,7467187648,7067414226
790,Genevieve,Lahrs,glahrslx@hexun.com,Female,214.6.251.55,150.76.139.218,1335111586,6195199669
791,Noby,Picardo,npicardoly@wiley.com,Male,233.55.14.155,211.241.242.95,4859756541,8116819143
792,Bethena,Korf,bkorflz@liveinternet.ru,Female,232.219.95.238,225.30.124.236,1754937132,6996812786
793,Kylen,Liddall,kliddallm0@yellowpages.com,Female,187.182.111.0,92.141.252.236,4467444171,9552689092
794,Lina,Sire,lsirem1@shop-pro.jp,Female,13.18.225.62,175.160.133.235,8513351041,2375399969
795,Valenka,Brabbs,vbrabbsm2@google.com.au,Female,212.144.95.47,67.101.231.71,4076442534,1232726945
796,Broderick,Acedo,bacedom3@mlb.com,Male,247.183.118.228,34.73.133.136,7034995216,4883107651
797,Brewer,Van Dijk,bvandijkm4@oracle.com,Male,227.174.71.122,153.53.150.20,6058456698,7137329410
798,Ax,Grunbaum,agrunbaumm5@soup.io,Male,74.155.180.88,90.29.38.210,2751573410,1174070295
799,Rosanna,Boulds,rbouldsm6@ebay.com,Female,65.227.119.50,180.18.124.102,4373688240,3881352719
800,Miguelita,Tommis,mtommism7@bloglines.com,Female,179.116.122.217,50.61.121.126,9687722751,3694574112
801,Maryanna,Nicholas,mnicholasm8@apple.com,Female,58.212.128.247,81.230.183.46,5437067374,2867760020
802,Pammi,Woofinden,pwoofindenm9@mail.ru,Female,28.198.75.38,228.111.87.234,7461636708,5933320205
803,Sigmund,Fowden,sfowdenma@over-blog.com,Polygender,180.153.89.142,111.16.233.6,5189686294,9252125973
804,Kerrill,McDugal,kmcdugalmb@umich.edu,Female,150.246.196.115,118.50.42.16,2445262003,3295755961
805,Betteann,Fishenden,bfishendenmc@census.gov,Female,175.135.49.65,225.203.166.140,1621631710,4112348577
806,Tabitha,Coultous,tcoultousmd@angelfire.com,Female,108.67.29.255,212.45.79.162,1878738640,8217241390
807,Genevra,Bogart,gbogartme@cmu.edu,Female,60.116.89.100,242.73.155.96,5748962261,1047849333
808,Robin,Wisniowski,rwisniowskimf@nifty.com,Male,127.6.202.103,26.202.9.23,9336013143,4056857408
809,Barnabe,Gillison,bgillisonmg@jugem.jp,Agender,56.211.229.4,250.16.37.61,7266191229,5458291216
810,Chrissie,Stuckley,cstuckleymh@statcounter.com,Male,37.135.69.75,232.89.217.155,2487351423,1543102689
811,Debby,Korting,dkortingmi@goo.gl,Female,194.96.75.9,172.231.3.253,4402680620,9004408295
812,Orlan,Bodiam,obodiammj@ed.gov,Male,162.147.98.156,160.221.30.112,6542061775,2201509695
813,Christabel,Merriment,cmerrimentmk@sohu.com,Female,16.193.169.119,231.179.235.200,9717618460,6312479158
814,Jase,Gehrtz,jgehrtzml@webmd.com,Male,177.110.195.237,200.234.192.199,1691769534,3749266817
815,Packston,Beden,pbedenmm@tinyurl.com,Male,71.155.210.109,176.83.132.35,8587085541,3076210133
816,Thibaud,De Winton,tdewintonmn@marriott.com,Bigender,193.25.222.180,13.250.1.79,1351044399,2063406564
817,Dolley,Ferbrache,dferbrachemo@vkontakte.ru,Female,89.24.165.251,253.52.147.202,4429473566,6011779495
818,Cristiano,Brodnecke,cbrodneckemp@archive.org,Male,52.44.42.222,202.158.55.110,3563648400,8512339229
819,Gibby,Cowen,gcowenmq@tiny.cc,Male,224.44.91.73,63.83.50.236,6997140386,9281386658
820,Margarethe,Grelik,mgrelikmr@sakura.ne.jp,Female,241.3.5.235,152.231.119.181,9789641976,9454609362
821,Rudolf,Cakebread,rcakebreadms@engadget.com,Male,62.169.8.96,145.101.93.8,5853558334,8861069240
822,Carley,Piaggia,cpiaggiamt@yolasite.com,Female,110.161.221.160,254.60.37.111,8697368489,9592583502
823,Nadiya,Kidston,nkidstonmu@theglobeandmail.com,Female,244.144.221.29,169.64.181.130,6928978909,9544435431
824,Guntar,Olivari,golivarimv@nbcnews.com,Male,164.82.216.70,178.123.61.149,4793284165,1509649530
825,Ingmar,Goodban,igoodbanmw@wp.com,Agender,135.63.100.181,244.143.156.56,8071465114,2983480141
826,Ringo,Shoveller,rshovellermx@canalblog.com,Male,143.249.178.93,78.73.104.144,5901562360,6716891487
827,Bradan,Tolliday,btollidaymy@histats.com,Male,15.192.24.48,251.57.163.115,3347398153,4544421593
828,Gilemette,Davidesco,gdavidescomz@tinypic.com,Female,73.117.204.201,140.136.106.23,7225869491,7209245998
829,Maddy,Spare,msparen0@tmall.com,Male,90.247.223.96,31.199.190.147,3954334688,7212514818
830,Fancy,Scandroot,fscandrootn1@huffingtonpost.com,Female,114.8.131.177,203.23.144.127,7043022146,3495598683
831,Fax,Pechell,fpechelln2@cnbc.com,Male,36.27.107.193,211.243.219.90,5395335373,2232821764
832,Cole,Dmych,cdmychn3@1688.com,Male,150.42.60.180,188.164.179.208,1563541478,4563578250
833,Colby,Birkenhead,cbirkenheadn4@biblegateway.com,Male,50.72.14.183,133.148.101.118,3437029065,3264833609
834,Manolo,Pretor,mpretorn5@wufoo.com,Male,11.248.215.246,139.206.153.161,9209681403,9834133365
835,Candide,Side,csiden6@naver.com,Female,120.91.167.75,244.93.191.161,1901423471,3498130813
836,Burl,Muriel,bmurieln7@vinaora.com,Male,227.243.43.241,151.157.20.235,7445962430,2165239928
837,Berkeley,Barrack,bbarrackn8@unc.edu,Male,161.228.213.60,217.199.169.245,4622697956,1611335764
838,Piper,Giacoppo,pgiacoppon9@illinois.edu,Female,55.91.150.228,225.167.136.141,2579814426,5804992599
839,Claudelle,Gibbetts,cgibbettsna@dion.ne.jp,Female,12.141.180.163,123.17.22.29,2653833154,5139889326
840,Kelly,Pitway,kpitwaynb@chronoengine.com,Female,202.6.224.163,66.27.133.205,6158313914,6236607680
841,Walther,Morrowe,wmorrowenc@bing.com,Male,195.168.235.63,229.91.247.109,8421705981,9238880773
842,Sybyl,Madgwich,smadgwichnd@nytimes.com,Female,90.186.107.246,31.218.18.83,5746543274,1913663854
843,Lelia,Ausher,lausherne@canalblog.com,Female,62.246.85.18,69.124.126.250,6114695838,5026231682
844,Edwina,Pallent,epallentnf@360.cn,Female,44.7.56.188,251.10.88.4,9885180848,1251399243
845,Lowe,Tolossi,ltolossing@shop-pro.jp,Male,43.161.90.10,165.239.240.253,7279867193,2486392671
846,Madel,Guillou,mguillounh@goo.gl,Female,100.246.97.96,172.84.90.98,4765528336,4868051974
847,Nicol,Lusher,nlusherni@hatena.ne.jp,Female,192.249.165.89,239.72.56.220,7172577488,9289456807
848,Odie,Jahnisch,ojahnischnj@netscape.com,Male,28.220.182.21,193.29.248.141,9782054385,1872819104
849,Dagny,Foote,dfootenk@pinterest.com,Male,248.164.95.244,146.114.160.173,5429660207,3041488705
850,Nap,Rosencwaig,nrosencwaignl@last.fm,Male,139.134.245.21,199.119.19.146,3277770873,8315911304
851,Lorant,Dyet,ldyetnm@networksolutions.com,Male,84.147.87.234,233.170.84.95,8961066431,1978905504
852,Deb,Kunat,dkunatnn@tuttocitta.it,Female,102.182.184.206,67.39.159.108,7498670591,3092140875
853,Tate,Chadbourne,tchadbourneno@umich.edu,Female,22.129.55.206,37.105.244.88,7023656843,4551130720
854,Tania,Priter,tpriternp@weather.com,Female,46.3.243.118,21.101.110.168,6328154762,6121220950
855,Jesse,Clementet,jclementetnq@phoca.cz,Male,203.44.208.117,245.135.245.70,2156016965,3087202532
856,Linn,Mc Gorley,lmcgorleynr@hugedomains.com,Female,236.177.72.51,25.48.86.190,6611453513,8608976886
857,Moyna,Cottell,mcottellns@tripadvisor.com,Female,65.60.215.150,180.237.252.1,8705302165,5123881686
858,Berne,Hadwick,bhadwicknt@free.fr,Male,133.104.198.172,237.145.96.230,8685943647,7925042544
859,Kimball,Renehan,krenehannu@blinklist.com,Male,135.194.129.43,135.176.63.124,5088384413,2038830474
860,Sioux,Champness,schampnessnv@bbb.org,Female,86.43.241.202,224.158.84.57,4412347248,2784093959
861,Edouard,McCorkindale,emccorkindalenw@salon.com,Male,229.111.123.123,51.250.54.20,7347911743,4337390040
862,Ainslie,Toal,atoalnx@jugem.jp,Female,254.215.9.233,171.212.26.76,9259270157,2211765574
863,Tracie,Farrin,tfarrinny@flavors.me,Female,150.89.33.30,40.71.247.51,7635729305,8276348778
864,Keane,De la Harpe,kdelaharpenz@nps.gov,Male,197.239.246.197,32.216.220.134,1042365009,1294169958
865,Yehudi,Merrall,ymerrallo0@bizjournals.com,Male,66.226.76.36,238.221.43.95,4385536688,8009879971
866,Udall,Maddra,umaddrao1@paypal.com,Male,218.226.152.144,242.189.41.205,2723746025,4599769479
867,Mindy,Rief,mriefo2@mit.edu,Female,203.129.240.172,163.35.62.177,2445123108,3673672753
868,Monica,Collings,mcollingso3@wikispaces.com,Non-binary,75.15.216.92,158.183.60.77,3469117337,7562818105
869,Jackson,Messham,jmesshamo4@gnu.org,Male,91.145.21.59,2.31.123.115,2874311349,5592549090
870,Daisy,Evetts,devettso5@bing.com,Female,48.139.117.252,149.102.185.108,8276594483,3903110283
871,Amos,Custed,acustedo6@dion.ne.jp,Male,121.198.63.75,145.57.164.16,5394793427,3323470610
872,Izaak,Cornes,icorneso7@prnewswire.com,Male,121.162.14.179,43.84.247.111,6894063426,4045307738
873,Brodie,Flicker,bflickero8@cbsnews.com,Male,145.134.180.193,154.6.43.193,9103430196,7281398832
874,Benn,Grimsdell,bgrimsdello9@tamu.edu,Male,153.252.144.134,93.163.119.45,8441174730,3385905761
875,Tom,Boykett,tboykettoa@ft.com,Male,36.103.112.178,236.16.213.85,8728872905,4795962918
876,Avictor,Kaiser,akaiserob@prlog.org,Male,17.247.50.84,39.73.210.119,7694858054,6702829216
877,Colette,Rosenbaum,crosenbaumoc@nhs.uk,Female,92.154.124.130,229.32.188.104,5842246015,2778401195
878,Fabien,McLucas,fmclucasod@google.ca,Male,170.25.204.130,158.246.156.46,2834454995,4738262625
879,Pascale,Walkling,pwalklingoe@printfriendly.com,Male,192.175.56.129,19.220.215.92,2631012398,3932057317
880,Robbie,Shapera,rshaperaof@psu.edu,Male,119.203.143.221,218.199.241.99,6909870715,7108472283
881,Henriette,Eim,heimog@biglobe.ne.jp,Female,137.201.84.43,195.225.138.80,2068183961,2796527254
882,Leelah,Mate,lmateoh@businesswire.com,Genderqueer,238.114.55.203,181.5.53.194,2818263686,7497140492
883,Maurie,Saddleton,msaddletonoi@homestead.com,Male,197.95.94.224,114.158.222.255,9702790508,3549842493
884,Chantal,Tuckerman,ctuckermanoj@unc.edu,Female,250.78.78.33,46.233.46.199,1542720284,4736468629
885,Modestine,Robinett,mrobinettok@sphinn.com,Female,74.94.238.195,83.144.176.44,4105835603,1851226360
886,Fonzie,Dubble,fdubbleol@ow.ly,Male,207.6.81.228,107.224.192.144,6517709470,3338240938
887,Aubert,Slott,aslottom@psu.edu,Male,160.183.48.166,220.36.180.44,5763160522,7419298149
888,Milicent,Downey,mdowneyon@samsung.com,Female,209.1.107.16,239.34.17.191,6165867559,9798841898
889,Lockwood,Trahear,ltrahearoo@elegantthemes.com,Male,165.221.227.42,3.116.76.177,6852719090,1375654040
890,Glyn,Spurriar,gspurriarop@zdnet.com,Male,66.139.52.52,108.14.67.249,2086933913,2771442725
891,Daven,Dunnan,ddunnanoq@redcross.org,Male,152.15.235.205,99.177.196.176,5461335600,3242724114
892,Sabrina,Aspland,sasplandor@intel.com,Female,203.150.216.241,246.6.111.187,6084571795,9788971408
893,Gilda,Jeaffreson,gjeaffresonos@va.gov,Female,146.170.20.81,83.54.236.73,8688604382,7376303988
894,Javier,Sperski,jsperskiot@marriott.com,Male,231.250.13.120,253.45.205.50,6774584694,2517998377
895,Dianna,Wayland,dwaylandou@csmonitor.com,Female,20.67.19.152,174.231.128.225,6921757953,6173732102
896,Angil,Franzke,afranzkeov@opera.com,Female,207.245.135.63,230.251.200.151,5024830044,7189463100
897,Boris,Pateman,bpatemanow@vinaora.com,Male,157.124.134.85,67.40.158.235,3431264389,8242706110
898,Nichol,Phillput,nphillputox@microsoft.com,Agender,70.218.144.36,169.176.121.231,3732779226,8808556708
899,Avie,Catford,acatfordoy@nifty.com,Female,124.235.186.210,230.178.218.148,5352998292,1158422572
900,Whittaker,Tommasuzzi,wtommasuzzioz@stumbleupon.com,Male,140.75.113.39,35.100.156.151,4025394903,1495262713
901,Lawry,Aery,laeryp0@mit.edu,Male,148.56.29.177,246.70.75.54,8531537217,4994005368
902,Allistir,Zorer,azorerp1@squidoo.com,Male,108.78.191.142,22.80.235.240,5962825262,7435682186
903,Karlens,Foxen,kfoxenp2@hc360.com,Male,187.210.94.129,53.67.220.175,9678296632,7912276192
904,Marice,Crollman,mcrollmanp3@wix.com,Female,82.131.141.22,241.214.242.74,3814296580,6693514185
905,Sergent,Hun,shunp4@aboutads.info,Bigender,3.123.207.238,212.32.73.209,1323512949,4461221733
906,Mellisa,Durrington,mdurringtonp5@photobucket.com,Female,178.183.213.124,27.223.57.68,9868401429,5955260220
907,Vergil,Robroe,vrobroep6@meetup.com,Male,253.16.224.250,213.180.84.75,1157444390,7536685185
908,Micah,Gidney,mgidneyp7@abc.net.au,Agender,245.109.89.126,139.158.116.186,6742015126,8321506787
909,Sky,Farnaby,sfarnabyp8@redcross.org,Male,230.12.143.237,27.21.58.109,2212288702,5908032592
910,Nedda,Pennetta,npennettap9@ow.ly,Female,208.180.37.254,148.227.51.228,6555513685,5386526952
911,Pippo,Ashman,pashmanpa@kickstarter.com,Male,202.20.57.205,253.242.210.199,9604582456,6929352794
912,Clint,Goosnell,cgoosnellpb@nyu.edu,Male,163.64.195.191,251.160.72.183,3962279285,4868768262
913,Elga,Taylorson,etaylorsonpc@auda.org.au,Female,56.20.112.11,109.15.72.122,6851811212,6762235430
914,Zonda,Haydock,zhaydockpd@people.com.cn,Female,215.68.142.95,125.76.107.152,3616266453,6619683587
915,Nyssa,Fake,nfakepe@123-reg.co.uk,Female,115.66.254.157,249.12.68.90,5454654571,3863780217
916,Hercule,Dwerryhouse,hdwerryhousepf@sfgate.com,Male,108.76.239.61,169.126.192.78,8628196324,7393328664
917,Glenden,McMullen,gmcmullenpg@slashdot.org,Male,76.154.209.184,101.126.94.205,5169794881,4798451426
918,Lotti,King,lkingph@jigsy.com,Female,76.84.242.149,215.236.102.255,3469867433,8283892068
919,Gard,Sapsford,gsapsfordpi@jimdo.com,Male,101.185.3.210,81.30.75.207,4977569007,5519770737
920,Ryann,Dowsey,rdowseypj@jugem.jp,Female,31.117.224.238,183.133.37.250,4441876790,1955649082
921,Ingamar,Baline,ibalinepk@bbb.org,Male,70.215.170.144,42.11.98.42,6335023606,8436153885
922,Tamarra,Dakhno,tdakhnopl@mac.com,Female,208.46.171.83,254.36.175.97,7955817077,6184208566
923,Thekla,Sporner,tspornerpm@senate.gov,Female,252.5.86.188,254.127.174.169,7862941231,8545412164
924,Cory,Gretham,cgrethampn@taobao.com,Genderfluid,157.110.113.147,255.147.78.109,1765680018,4521857173
925,Pete,Dowber,pdowberpo@blogspot.com,Male,216.205.84.211,62.186.10.77,2063153625,2348350431
926,Ody,Somes,osomespp@google.ru,Male,185.230.98.141,227.132.117.144,4549344691,6808406114
927,Hatty,Muttock,hmuttockpq@addtoany.com,Female,177.208.251.231,8.194.167.91,7576505031,9578884401
928,Kristopher,McCathie,kmccathiepr@reddit.com,Male,131.111.232.49,62.133.235.48,7768798690,9497540259
929,Cindra,Acland,caclandps@google.co.jp,Female,6.120.100.58,114.23.101.141,6858631625,7675272300
930,Hamish,Swepstone,hswepstonept@sbwire.com,Male,104.242.148.236,246.236.75.96,4844416975,6779165173
931,Fannie,Redrup,fredruppu@drupal.org,Female,56.55.117.97,16.127.220.19,8184610815,8093518688
932,Regen,Reddoch,rreddochpv@blogspot.com,Male,176.78.194.89,252.12.98.174,5677386448,7497011635
933,Rodolph,Guyon,rguyonpw@cbslocal.com,Male,140.239.218.247,191.239.170.205,4016872295,8599966830
934,Herminia,Corrett,hcorrettpx@examiner.com,Female,192.217.15.170,202.164.61.224,9562514875,6995441124
935,Cassaundra,Bondar,cbondarpy@comsenz.com,Female,56.44.112.99,101.132.151.198,6544845785,3207290588
936,Orly,Bhar,obharpz@thetimes.co.uk,Female,246.64.153.198,59.138.114.97,4227686934,8977473998
937,Colby,Macklam,cmacklamq0@wikispaces.com,Male,170.103.185.80,22.176.156.83,6873797666,3184250593
938,Abra,Morphey,amorpheyq1@mozilla.com,Female,248.253.39.55,243.218.67.122,2376049380,4797933211
939,Edie,Mebes,emebesq2@i2i.jp,Female,53.153.189.70,147.51.141.232,7096226618,2611238028
940,Gustave,Grosvener,ggrosvenerq3@ask.com,Male,91.4.119.170,221.238.77.109,8885464657,5376729844
941,Lars,Ranns,lrannsq4@histats.com,Male,222.208.181.232,118.177.161.72,7243654931,6704984682
942,Devland,Northwood,dnorthwoodq5@icio.us,Male,205.203.165.126,255.189.23.140,4182257559,8928048260
943,Virge,Riehm,vriehmq6@stumbleupon.com,Male,192.189.236.222,108.148.218.241,8392862721,7473217233
944,Xaviera,Guerri,xguerriq7@weather.com,Agender,234.249.80.233,136.66.149.218,2162077632,5252555608
945,Enos,Klein,ekleinq8@lulu.com,Genderfluid,136.129.142.239,53.130.46.155,3239021769,7419385487
946,Cecile,Skellington,cskellingtonq9@4shared.com,Genderqueer,235.100.65.238,44.196.94.240,9858263250,9075199015
947,Yorgos,Braysher,ybraysherqa@dmoz.org,Male,20.212.108.79,237.78.203.41,8766717562,7768248065
948,Aluin,Bartens,abartensqb@goo.gl,Male,17.61.93.107,51.152.208.107,8882993914,9352121185
949,Blakeley,Deddum,bdeddumqc@umich.edu,Female,91.100.35.119,70.16.58.84,2652076547,2688330793
950,Thain,Woolward,twoolwardqd@over-blog.com,Male,38.219.105.139,249.22.26.119,9787943682,6018407098
951,Reuven,Wallington,rwallingtonqe@squidoo.com,Male,28.197.75.157,3.218.237.89,6483688144,9312125104
952,Ichabod,Shenley,ishenleyqf@topsy.com,Male,39.143.76.50,172.178.68.46,1901025178,2301598977
953,Dex,Ball,dballqg@addthis.com,Male,173.239.149.22,16.29.81.77,2583919517,6433333625
954,Annmaria,Standage,astandageqh@hugedomains.com,Female,225.78.135.6,84.248.9.157,9152529212,7678559973
955,Ring,Impson,rimpsonqi@auda.org.au,Male,96.117.53.197,188.71.57.96,8984798811,9159383419
956,Anjanette,Rowena,arowenaqj@addthis.com,Genderqueer,157.132.23.124,49.159.197.85,7195185151,6116486571
957,Jenn,Benardet,jbenardetqk@dailymotion.com,Female,105.39.237.235,126.98.231.236,8959527955,9533841967
958,Boyce,Fyall,bfyallql@unicef.org,Polygender,238.217.206.164,165.224.10.215,6197559668,7187883851
959,Lester,Shimmin,lshimminqm@cpanel.net,Genderfluid,116.230.184.223,146.14.151.128,3915446627,8707040718
960,Saundra,Prestner,sprestnerqn@topsy.com,Female,180.93.224.239,116.4.98.249,5463695837,6478611563
961,Maxim,Bellerby,mbellerbyqo@cdbaby.com,Male,212.161.183.57,42.254.240.206,7507580109,5428435340
962,Winnifred,Fawlks,wfawlksqp@com.com,Female,221.255.37.252,122.240.74.8,2769118057,3427315318
963,Horace,Millea,hmilleaqq@ihg.com,Male,10.2.253.100,23.198.107.254,9546417033,5311492649
964,Ignazio,Blaik,iblaikqr@jimdo.com,Male,175.83.116.33,128.15.116.55,1631233163,1988371624
965,Eugen,Postins,epostinsqs@wiley.com,Male,8.92.128.54,22.167.73.44,6042517967,6738109682
966,Marcus,Gourlie,mgourlieqt@princeton.edu,Male,0.212.150.135,102.175.65.139,3472725673,2476768810
967,Scotty,Arkwright,sarkwrightqu@edublogs.org,Male,202.146.65.227,147.49.141.231,9944572050,3356418729
968,Kordula,Prettjohn,kprettjohnqv@xing.com,Female,15.114.116.221,42.106.135.9,7023028833,4335415490
969,Felike,Postlethwaite,fpostlethwaiteqw@illinois.edu,Genderfluid,108.228.176.128,195.72.130.5,2024757305,8265238223
970,Sophronia,Ballinghall,sballinghallqx@addthis.com,Female,47.89.115.216,102.15.182.73,2059393973,5145905115
971,Riane,Blenkhorn,rblenkhornqy@i2i.jp,Female,159.188.107.54,96.22.88.74,2228572796,3233752874
972,Rana,Skitt,rskittqz@hexun.com,Female,224.185.37.198,104.169.45.9,1327538295,7271589619
973,Rosco,Benallack,rbenallackr0@illinois.edu,Male,95.183.135.135,71.20.175.49,4359576292,9201285587
974,Buddie,Treherne,btreherner1@cbc.ca,Bigender,159.99.158.255,162.185.106.159,1535383729,5236712778
975,Sherie,McGown,smcgownr2@wunderground.com,Female,138.218.48.68,229.85.108.65,9635683355,9007006735
976,Rudd,Risebarer,rrisebarerr3@apple.com,Male,68.105.166.225,230.12.94.181,7871100309,5485762732
977,Shae,Lavin,slavinr4@oakley.com,Male,255.139.233.27,122.204.193.119,5836225105,4452626048
978,Genovera,Welfair,gwelfairr5@tuttocitta.it,Female,33.49.85.52,71.181.97.194,3537155060,4038315429
979,Sidnee,Haldon,shaldonr6@last.fm,Male,242.228.255.67,87.123.222.153,8189840477,3036593015
980,Morissa,Gonneau,mgonneaur7@elpais.com,Female,219.241.112.34,62.91.185.227,5711645933,8634903108
981,Dannie,Carbert,dcarbertr8@ustream.tv,Female,222.251.153.67,77.130.191.188,4878936263,1903662220
982,Pavlov,Bowbrick,pbowbrickr9@google.ca,Male,15.88.250.15,245.203.184.225,4372643123,6117866923
983,Isis,Gianolo,igianolora@unicef.org,Female,52.1.164.228,103.62.32.184,8788959107,7908187087
984,Mildrid,Sauvage,msauvagerb@bloglines.com,Female,167.7.234.216,230.237.130.243,3359179903,2586669769
985,Roma,Noblett,rnoblettrc@dropbox.com,Male,243.44.239.35,143.99.117.129,3197257724,5769705954
986,Arron,Maggiori,amaggiorird@cargocollective.com,Male,230.196.113.138,125.55.176.165,9666447345,1871678702
987,Thomasine,Bartelot,tbartelotre@alexa.com,Female,161.179.191.213,116.66.61.235,6793061645,2345250193
988,Lissy,Parnell,lparnellrf@youku.com,Agender,143.112.125.155,243.30.64.205,9663494965,9102025988
989,Garnet,Mokes,gmokesrg@weebly.com,Genderfluid,174.81.91.215,150.205.78.99,6279774463,4128289531
990,Erroll,Copley,ecopleyrh@123-reg.co.uk,Male,121.34.216.195,151.117.8.34,2518040056,9943335244
991,Becky,Johannesson,bjohannessonri@opera.com,Female,60.196.248.221,62.189.172.134,5374673809,1529978975
992,Cord,Willden,cwilldenrj@harvard.edu,Male,172.168.42.159,54.235.121.113,9016264027,8906934437
993,Jamison,O'Loinn,joloinnrk@google.cn,Male,4.112.255.162,58.215.112.70,7846744416,9886781349
994,Mada,Alford,malfordrl@nydailynews.com,Female,65.70.146.126,151.0.174.166,3705131995,6294579278
995,Aeriell,Milbank,amilbankrm@nytimes.com,Female,64.222.253.90,108.44.231.14,4333048024,9665025271
996,Ephrem,Cholerton,echolertonrn@tinypic.com,Male,33.144.203.12,114.162.192.222,5655709636,1229525508
997,Marquita,Capstick,mcapstickro@yandex.ru,Genderqueer,193.197.159.60,41.108.24.80,5014237196,2191183689
998,Clarine,Klugman,cklugmanrp@slate.com,Female,107.214.255.251,147.111.146.152,1106930714,5559695952
999,Junia,Laybourn,jlaybournrq@businessweek.com,Female,123.128.134.101,102.127.21.77,8918063830,7909731469
1000,Abe,Rabidge,arabidgerr@harvard.edu,Male,25.23.150.219,227.161.52.197,7084390735,6797863200
